Workbook

Sheet Summary
A1: Scenario | B1: LLM monthly USD | C1: Additional monthly USD | D1: Recurring monthly USD | E1: One-time USD | F1: First month USD | G1: First year USD | H1: Status | I1: Tool monthly USD | J1: Harness monthly USD
A2: Low | B2: =SUM(Calculations!X2:X4) | C2: 0 | D2: =B2+C2+I2+J2 | E2: 0 | F2: =D2+E2 | G2: =D2*12+E2 | H2: Complete | I2: =SUMIF('Tool costs'!A2:A2,A2,'Tool costs'!I2:I2) | J2: =Harness!I2
A3: Expected | B3: =SUM(Calculations!X5:X7) | C3: 0 | D3: =B3+C3+I3+J3 | E3: 0 | F3: =D3+E3 | G3: =D3*12+E3 | H3: Complete | I3: =SUMIF('Tool costs'!A2:A3,A3,'Tool costs'!I2:I3) | J3: =Harness!I3
A4: High | B4: =SUM(Calculations!X8:X10) | C4: 0 | D4: =B4+C4+I4+J4 | E4: 0 | F4: =D4+E4 | G4: =D4*12+E4 | H4: Complete | I4: =SUMIF('Tool costs'!A2:A4,A4,'Tool costs'!I2:I4) | J4: =Harness!I4

Sheet Calculations
A1: Scenario | B1: Agent | C1: Step | D1: Model | E1: Count | F1: Total monthly invocations per agent | G1: Calls/invocation | H1: Extra attempt rate | I1: Input/call | J1: Output/call | K1: Cache read fraction | L1: Cache write fraction | M1: Input USD/M | N1: Output USD/M | O1: Cache read USD/M | P1: Cache write USD/M | Q1: Monthly calls | R1: Input tokens/month | S1: Output tokens/month | T1: Input USD | U1: Output USD | V1: Cache read USD | W1: Cache write USD | X1: LLM monthly USD | Y1: Status | Z1: Volume source | AA1: Users/day/agent | AB1: Invocations/user/agent/day | AC1: Planning days/month | AD1: Manual invocations/agent/month | AE1: Scenario volume factor | AF1: Complexity | AG1: Uncached input tokens/month | AH1: Cached read tokens/month | AI1: Cache write tokens/month | AJ1: Raw calls/occurrence after scenario | AK1: Step x model probability | AL1: Step ID | AM1: Model role
A2: Low | B2: Resolve inquiry | C2: Classify | D2: Fixture A | E2: 1 | F2: =IF(Z2="daily_users",AA2*AB2*AC2,AD2)*AE2 | G2: =AJ2*AK2 | H2: 0 | I2: 750 | J2: 75 | K2: 0 | L2: 0 | M2: 2 | N2: 8 | Q2: =E2*F2*G2*(1+H2) | R2: =Q2*I2 | S2: =Q2*J2 | T2: =R2*(1-K2-L2)*M2/1000000 | U2: =S2*N2/1000000 | V2: =R2*K2*O2/1000000 | W2: =R2*L2*P2/1000000 | X2: =SUM(T2:W2) | Y2: Complete | Z2: daily_users | AA2: 1 | AB2: 3.3333333 | AC2: 30 | AD2: 0 | AE2: 1 | AF2: simple | AG2: =R2*(1-K2-L2) | AH2: =R2*K2 | AI2: =R2*L2 | AJ2: 1 | AK2: 1 | AL2: classify | AM2: reasoning
A3: Low | B3: Resolve inquiry | C3: Verify | D3: Fixture A | E3: 1 | F3: =IF(Z3="daily_users",AA3*AB3*AC3,AD3)*AE3 | G3: =AJ3*AK3 | H3: 0 | I3: 150 | J3: 37.5 | K3: 0 | L3: 0 | M3: 2 | N3: 8 | Q3: =E3*F3*G3*(1+H3) | R3: =Q3*I3 | S3: =Q3*J3 | T3: =R3*(1-K3-L3)*M3/1000000 | U3: =S3*N3/1000000 | V3: =R3*K3*O3/1000000 | W3: =R3*L3*P3/1000000 | X3: =SUM(T3:W3) | Y3: Complete | Z3: daily_users | AA3: 1 | AB3: 3.3333333 | AC3: 30 | AD3: 0 | AE3: 1 | AF3: simple | AG3: =R3*(1-K3-L3) | AH3: =R3*K3 | AI3: =R3*L3 | AJ3: 1 | AK3: 0.125 | AL3: verify | AM3: reasoning
A4: Low | B4: Research documents | C4: Research | D4: Fixture B | E4: 1 | F4: 50 | G4: =AJ4*AK4 | H4: 0 | I4: 375 | J4: 75 | K4: 0 | L4: 0 | M4: 1 | N4: 4 | Q4: =E4*F4*G4*(1+H4) | R4: =Q4*I4 | S4: =Q4*J4 | T4: =R4*(1-K4-L4)*M4/1000000 | U4: =S4*N4/1000000 | V4: =R4*K4*O4/1000000 | W4: =R4*L4*P4/1000000 | X4: =SUM(T4:W4) | Y4: Complete | Z4: derived | AA4: 0 | AB4: 0 | AC4: 30 | AD4: 0 | AE4: 1 | AF4: simple | AG4: =R4*(1-K4-L4) | AH4: =R4*K4 | AI4: =R4*L4 | AJ4: 2 | AK4: 1 | AL4: research | AM4: reasoning
A5: Expected | B5: Resolve inquiry | C5: Classify | D5: Fixture A | E5: 1 | F5: =IF(Z5="daily_users",AA5*AB5*AC5,AD5)*AE5 | G5: =AJ5*AK5 | H5: 0 | I5: 1000 | J5: 100 | K5: 0 | L5: 0 | M5: 2 | N5: 8 | Q5: =E5*F5*G5*(1+H5) | R5: =Q5*I5 | S5: =Q5*J5 | T5: =R5*(1-K5-L5)*M5/1000000 | U5: =S5*N5/1000000 | V5: =R5*K5*O5/1000000 | W5: =R5*L5*P5/1000000 | X5: =SUM(T5:W5) | Y5: Complete | Z5: daily_users | AA5: 1 | AB5: 3.3333333 | AC5: 30 | AD5: 0 | AE5: 1 | AF5: simple | AG5: =R5*(1-K5-L5) | AH5: =R5*K5 | AI5: =R5*L5 | AJ5: 1 | AK5: 1 | AL5: classify | AM5: reasoning
A6: Expected | B6: Resolve inquiry | C6: Verify | D6: Fixture A | E6: 1 | F6: =IF(Z6="daily_users",AA6*AB6*AC6,AD6)*AE6 | G6: =AJ6*AK6 | H6: 0 | I6: 200 | J6: 50 | K6: 0 | L6: 0 | M6: 2 | N6: 8 | Q6: =E6*F6*G6*(1+H6) | R6: =Q6*I6 | S6: =Q6*J6 | T6: =R6*(1-K6-L6)*M6/1000000 | U6: =S6*N6/1000000 | V6: =R6*K6*O6/1000000 | W6: =R6*L6*P6/1000000 | X6: =SUM(T6:W6) | Y6: Complete | Z6: daily_users | AA6: 1 | AB6: 3.3333333 | AC6: 30 | AD6: 0 | AE6: 1 | AF6: simple | AG6: =R6*(1-K6-L6) | AH6: =R6*K6 | AI6: =R6*L6 | AJ6: 1 | AK6: 0.125 | AL6: verify | AM6: reasoning
A7: Expected | B7: Research documents | C7: Research | D7: Fixture B | E7: 1 | F7: 50 | G7: =AJ7*AK7 | H7: 0 | I7: 500 | J7: 100 | K7: 0 | L7: 0 | M7: 1 | N7: 4 | Q7: =E7*F7*G7*(1+H7) | R7: =Q7*I7 | S7: =Q7*J7 | T7: =R7*(1-K7-L7)*M7/1000000 | U7: =S7*N7/1000000 | V7: =R7*K7*O7/1000000 | W7: =R7*L7*P7/1000000 | X7: =SUM(T7:W7) | Y7: Complete | Z7: derived | AA7: 0 | AB7: 0 | AC7: 30 | AD7: 0 | AE7: 1 | AF7: simple | AG7: =R7*(1-K7-L7) | AH7: =R7*K7 | AI7: =R7*L7 | AJ7: 2 | AK7: 1 | AL7: research | AM7: reasoning
A8: High | B8: Resolve inquiry | C8: Classify | D8: Fixture A | E8: 1 | F8: =IF(Z8="daily_users",AA8*AB8*AC8,AD8)*AE8 | G8: =AJ8*AK8 | H8: 0 | I8: 1500 | J8: 150 | K8: 0 | L8: 0 | M8: 2 | N8: 8 | Q8: =E8*F8*G8*(1+H8) | R8: =Q8*I8 | S8: =Q8*J8 | T8: =R8*(1-K8-L8)*M8/1000000 | U8: =S8*N8/1000000 | V8: =R8*K8*O8/1000000 | W8: =R8*L8*P8/1000000 | X8: =SUM(T8:W8) | Y8: Complete | Z8: daily_users | AA8: 1 | AB8: 3.3333333 | AC8: 30 | AD8: 0 | AE8: 1 | AF8: simple | AG8: =R8*(1-K8-L8) | AH8: =R8*K8 | AI8: =R8*L8 | AJ8: 1 | AK8: 1 | AL8: classify | AM8: reasoning
A9: High | B9: Resolve inquiry | C9: Verify | D9: Fixture A | E9: 1 | F9: =IF(Z9="daily_users",AA9*AB9*AC9,AD9)*AE9 | G9: =AJ9*AK9 | H9: 0 | I9: 300 | J9: 75 | K9: 0 | L9: 0 | M9: 2 | N9: 8 | Q9: =E9*F9*G9*(1+H9) | R9: =Q9*I9 | S9: =Q9*J9 | T9: =R9*(1-K9-L9)*M9/1000000 | U9: =S9*N9/1000000 | V9: =R9*K9*O9/1000000 | W9: =R9*L9*P9/1000000 | X9: =SUM(T9:W9) | Y9: Complete | Z9: daily_users | AA9: 1 | AB9: 3.3333333 | AC9: 30 | AD9: 0 | AE9: 1 | AF9: simple | AG9: =R9*(1-K9-L9) | AH9: =R9*K9 | AI9: =R9*L9 | AJ9: 1 | AK9: 0.125 | AL9: verify | AM9: reasoning
A10: High | B10: Research documents | C10: Research | D10: Fixture B | E10: 1 | F10: 50 | G10: =AJ10*AK10 | H10: 0 | I10: 750 | J10: 150 | K10: 0 | L10: 0 | M10: 1 | N10: 4 | Q10: =E10*F10*G10*(1+H10) | R10: =Q10*I10 | S10: =Q10*J10 | T10: =R10*(1-K10-L10)*M10/1000000 | U10: =S10*N10/1000000 | V10: =R10*K10*O10/1000000 | W10: =R10*L10*P10/1000000 | X10: =SUM(T10:W10) | Y10: Complete | Z10: derived | AA10: 0 | AB10: 0 | AC10: 30 | AD10: 0 | AE10: 1 | AF10: simple | AG10: =R10*(1-K10-L10) | AH10: =R10*K10 | AI10: =R10*L10 | AJ10: 2 | AK10: 1 | AL10: research | AM10: reasoning

Sheet Agents
A1: name | B1: complexity | C1: count | D1: invocations | E1: model_id | F1: calls | G1: input_tokens | H1: output_tokens | I1: retry_rate | J1: cache_fraction | K1: cache_write_fraction | L1: volume_source | M1: users_per_day | N1: invocations_per_user_per_agent_per_day | O1: agent_id | P1: business_use_case_description | Q1: row_id
A2: Resolve inquiry | B2: simple | C2: 1 | D2: 0 | L2: daily_users | M2: 1 | N2: 3.3333333 | O2: router | P2: Business use case pending description | Q2: router
A3: Research documents | B3: simple | C3: 1 | D3: 0 | L3: derived | M3: 0 | N3: 0 | O3: specialist | P3: Business use case pending description | Q3: specialist

Sheet Step options
A1: row_id | B1: step_id | C1: step_name | D1: order | E1: action_type | F1: execution_probability | G1: complexity | H1: option_id | I1: probability | J1: model_id | K1: child_agent_id | L1: multiplicity | M1: calls | N1: input_tokens | O1: output_tokens | P1: retry_rate | Q1: cache_fraction | R1: cache_write_fraction | S1: low_execution_probability | T1: high_execution_probability | U1: low_probability | V1: high_probability | W1: low_multiplicity | X1: high_multiplicity
A2: router | B2: classify | C2: Classify | D2: 1 | E2: model | F2: 1 | G2: simple | H2: primary | I2: 1 | J2: Fixture A | M2: 1 | N2: 1000 | O2: 100 | P2: 0 | Q2: 0 | R2: 0
A3: router | B3: verify | C3: Verify | D3: 2 | E3: model | F3: 0.125 | G3: simple | H3: optional | I3: 1 | J3: Fixture A | M3: 1 | N3: 200 | O3: 50 | P3: 0 | Q3: 0 | R3: 0
A4: router | B4: delegation | C4: Call specialist | D4: 3 | E4: agent | F4: 0.25 | G4: simple | H4: delegation-option | I4: 1 | K4: specialist | L4: 2
A5: specialist | B5: research | C5: Research | D5: 1 | E5: model | F5: 1 | G5: simple | H5: research-call | I5: 1 | J5: Fixture B | M5: 2 | N5: 500 | O5: 100 | P5: 0 | Q5: 0 | R5: 0

Sheet Step actions
A1: Scenario | B1: Agent | C1: Step | D1: Action | E1: Step probability | F1: Option ID | G1: Target | H1: Selection probability | I1: Option USD/execution (precomputed) | J1: Weighted USD/execution (precomputed) | K1: Step USD/month incl children (precomputed) | L1: Status
A2: Low | B2: Resolve inquiry | C2: Classify | D2: model | E2: 1 | F2: primary | G2: Fixture A | H2: 1 | I2: 0.0021 | J2: 0.0021 | K2: 0.21 | L2: Complete
A3: Low | B3: Resolve inquiry | C3: Verify | D3: model | E3: 0.125 | F3: optional | G3: Fixture A | H3: 1 | I3: 0.0006 | J3: 0.0006 | K3: 1.2575 | L3: Complete
A4: Low | B4: Resolve inquiry | C4: Call specialist | D4: agent | E4: 0.25 | F4: delegation-option | G4: specialist | H4: 1 | I4: 0.15853333 | J4: 0.15853333 | K4: 3.9633333 | L4: Complete
A5: Low | B5: Research documents | C5: Research | D5: model | E5: 1 | F5: research-call | G5: Fixture B | H5: 1 | I5: 0.00135 | J5: 0.00135 | K5: 0.0675 | L5: Complete
A6: Expected | B6: Resolve inquiry | C6: Classify | D6: model | E6: 1 | F6: primary | G6: Fixture A | H6: 1 | I6: 0.0028 | J6: 0.0028 | K6: 0.28 | L6: Complete
A7: Expected | B7: Resolve inquiry | C7: Verify | D7: model | E7: 0.125 | F7: optional | G7: Fixture A | H7: 1 | I7: 0.0008 | J7: 0.0008 | K7: 1.26 | L7: Complete
A8: Expected | B8: Resolve inquiry | C8: Call specialist | D8: agent | E8: 0.25 | F8: delegation-option | G8: specialist | H8: 1 | I8: 0.15943333 | J8: 0.15943333 | K8: 3.9858333 | L8: Complete
A9: Expected | B9: Research documents | C9: Research | D9: model | E9: 1 | F9: research-call | G9: Fixture B | H9: 1 | I9: 0.0018 | J9: 0.0018 | K9: 0.09 | L9: Complete
A10: High | B10: Resolve inquiry | C10: Classify | D10: model | E10: 1 | F10: primary | G10: Fixture A | H10: 1 | I10: 0.0042 | J10: 0.0042 | K10: 0.42 | L10: Complete
A11: High | B11: Resolve inquiry | C11: Verify | D11: model | E11: 0.125 | F11: optional | G11: Fixture A | H11: 1 | I11: 0.0012 | J11: 0.0012 | K11: 1.265 | L11: Complete
A12: High | B12: Resolve inquiry | C12: Call specialist | D12: agent | E12: 0.25 | F12: delegation-option | G12: specialist | H12: 1 | I12: 0.16123333 | J12: 0.16123333 | K12: 4.0308333 | L12: Complete
A13: High | B13: Research documents | C13: Research | D13: model | E13: 1 | F13: research-call | G13: Fixture B | H13: 1 | I13: 0.0027 | J13: 0.0027 | K13: 0.135 | L13: Complete

Sheet Agent identities
A1: Source ID | B1: Source name | C1: Agent ID | D1: Agent name | E1: Business use case description
A2: router | B2: Resolve inquiry | C2: router | D2: Resolve inquiry | E2: Business use case pending description
A3: specialist | B3: Research documents | C3: specialist | D3: Research documents | E3: Business use case pending description

Sheet Volume
A1: Agent | B1: Complexity | C1: Agent count | D1: Volume source | E1: Users per agent per day | F1: Invocations per user per agent per day | G1: Planning days per month | H1: Manual invocations per agent per month | I1: Total monthly invocations per agent | J1: Total monthly invocations all agents | K1: Agent row ID | L1: Previous direct volume source
A2: Resolve inquiry | B2: simple | C2: 1 | D2: daily_users | E2: 1 | F2: 3.3333333 | G2: 30 | H2: 0 | I2: =IF(D2="daily_users",E2*F2*G2,H2) | J2: =C2*I2 | K2: router
A3: Research documents | B3: simple | C3: 1 | D3: derived | E3: 0 | F3: 0 | G3: 30 | H3: 0 | I3: 50 | J3: =C3*I3 | K3: specialist | L3: daily_users

Sheet Agent links
A1: Scenario | B1: Caller agent | C1: Child agent | D1: Caller step | E1: Trigger probability | F1: Child invocations per trigger | G1: Parent invocations/month (precomputed) | H1: Child invocations/month | I1: Status | J1: Link ID | K1: Parent row ID | L1: Child row ID | M1: Step execution probability
A2: Low | B2: Resolve inquiry | C2: Research documents | D2: Call specialist | E2: 1 | F2: 2 | G2: 100 | H2: =E2*F2*G2*M2 | I2: Complete | J2: delegation-option | K2: router | L2: specialist | M2: 0.25
A3: Expected | B3: Resolve inquiry | C3: Research documents | D3: Call specialist | E3: 1 | F3: 2 | G3: 100 | H3: =E3*F3*G3*M3 | I3: Complete | J3: delegation-option | K3: router | L3: specialist | M3: 0.25
A4: High | B4: Resolve inquiry | C4: Research documents | D4: Call specialist | E4: 1 | F4: 2 | G4: 100 | H4: =E4*F4*G4*M4 | I4: Complete | J4: delegation-option | K4: router | L4: specialist | M4: 0.25

Sheet Tool costs
A1: Scenario | B1: Agent | C1: Tool | D1: Monthly invocations | E1: Step probability | F1: Tool probability | G1: Units/invocation | H1: USD/unit | I1: Monthly USD | J1: Step ID
A2: Low | B2: Resolve inquiry | C2: Search API | D2: 100 | E2: 0.125 | F2: 1 | G2: 1 | H2: 0.1 | I2: =D2*E2*F2*G2*H2 | J2: verify
A3: Expected | B3: Resolve inquiry | C3: Search API | D3: 100 | E3: 0.125 | F3: 1 | G3: 1 | H3: 0.1 | I3: =D3*E3*F3*G3*H3 | J3: verify
A4: High | B4: Resolve inquiry | C4: Search API | D4: 100 | E4: 0.125 | F4: 1 | G4: 1 | H4: 0.1 | I4: =D4*E4*F4*G4*H4 | J4: verify

Sheet Harness
A1: Scenario | B1: Harness type | C1: Name | D1: Fixed USD/month | E1: Invocations/month | F1: USD/invocation | G1: Step executions/month | H1: USD/step | I1: Monthly USD | J1: Allocation | K1: Include in use-case cost
A2: Low | B2: managed_platform | C2: Shared runtime | D2: 10 | E2: 150 | F2: 0.01 | G2: 187.5 | H2: 0.001 | I2: =IF(B2="none",0,D2+E2*F2+G2*H2) | J2: by_invocations | K2: TRUE
A3: Expected | B3: managed_platform | C3: Shared runtime | D3: 10 | E3: 150 | F3: 0.01 | G3: 187.5 | H3: 0.001 | I3: =IF(B3="none",0,D3+E3*F3+G3*H3) | J3: by_invocations | K3: TRUE
A4: High | B4: managed_platform | C4: Shared runtime | D4: 10 | E4: 150 | F4: 0.01 | G4: 187.5 | H4: 0.001 | I4: =IF(B4="none",0,D4+E4*F4+G4*H4) | J4: by_invocations | K4: TRUE

Sheet Use cases
A1: Scenario | B1: Agent | C1: Use case | D1: Monthly completions | E1: Direct USD/completion | F1: Harness USD/completion | G1: Loaded USD/completion | H1: Status | I1: Calculation path
A2: Low | B2: Resolve inquiry | C2: Resolve inquiry | D2: 100 | E2: 0.014675 | F2: 0.077916667 | G2: 0.132225 | H2: Complete | I2: Precomputed DAG rollup; inputs and direct calculations in other sheets
A3: Low | B3: Research documents | C3: Research documents | D3: 50 | E3: 0.00135 | F3: 0.077916667 | G3: 0.079266667 | H3: Complete | I3: Precomputed DAG rollup; inputs and direct calculations in other sheets
A4: Expected | B4: Resolve inquiry | C4: Resolve inquiry | D4: 100 | E4: 0.0154 | F4: 0.077916667 | G4: 0.133175 | H4: Complete | I4: Precomputed DAG rollup; inputs and direct calculations in other sheets
A5: Expected | B5: Research documents | C5: Research documents | D5: 50 | E5: 0.0018 | F5: 0.077916667 | G5: 0.079716667 | H5: Complete | I5: Precomputed DAG rollup; inputs and direct calculations in other sheets
A6: High | B6: Resolve inquiry | C6: Resolve inquiry | D6: 100 | E6: 0.01685 | F6: 0.077916667 | G6: 0.135075 | H6: Complete | I6: Precomputed DAG rollup; inputs and direct calculations in other sheets
A7: High | B7: Research documents | C7: Research documents | D7: 50 | E7: 0.0027 | F7: 0.077916667 | G7: 0.080616667 | H7: Complete | I7: Precomputed DAG rollup; inputs and direct calculations in other sheets

Sheet Category totals
A1: Complexity | B1: Total monthly invocations all agents
A2: simple | B2: =SUMIF(Volume!B2:B3,A2,Volume!J2:J3)
A3: medium | B3: =SUMIF(Volume!B2:B3,A3,Volume!J2:J3)
A4: high | B4: =SUMIF(Volume!B2:B3,A4,Volume!J2:J3)

Sheet Category usage
A1: Complexity | B1: Input tokens/month | C1: Output tokens/month | D1: Total tokens/month | E1: Average tokens/day | F1: Planning days/month
A2: simple | B2: =SUMIFS(Calculations!R2:R10,Calculations!A2:A10,"Expected",Calculations!AF2:AF10,A2) | C2: =SUMIFS(Calculations!S2:S10,Calculations!A2:A10,"Expected",Calculations!AF2:AF10,A2) | D2: =B2+C2 | E2: =D2/F2 | F2: 30
A3: medium | B3: =SUMIFS(Calculations!R2:R10,Calculations!A2:A10,"Expected",Calculations!AF2:AF10,A3) | C3: =SUMIFS(Calculations!S2:S10,Calculations!A2:A10,"Expected",Calculations!AF2:AF10,A3) | D3: =B3+C3 | E3: =D3/F3 | F3: 30
A4: high | B4: =SUMIFS(Calculations!R2:R10,Calculations!A2:A10,"Expected",Calculations!AF2:AF10,A4) | C4: =SUMIFS(Calculations!S2:S10,Calculations!A2:A10,"Expected",Calculations!AF2:AF10,A4) | D4: =B4+C4 | E4: =D4/F4 | F4: 30

Sheet Category costs
A1: Complexity | B1: Token type | C1: Tokens/month | D1: Known cost USD/month | E1: Blended USD/1M tokens | F1: Status | G1: Average tokens/day | H1: Known cost USD/day | I1: Planning days/month
A2: simple | B2: Uncached input | C2: =SUMIFS(Calculations!AG2:AG10,Calculations!A2:A10,"Expected",Calculations!AF2:AF10,A2) | D2: =SUMIFS(Calculations!T2:T10,Calculations!A2:A10,"Expected",Calculations!AF2:AF10,A2) | E2: =IF(C2=0,"",D2*1000000/C2) | F2: Complete | G2: =C2/I2 | H2: =D2/I2 | I2: 30
A3: simple | B3: Cached input read | C3: =SUMIFS(Calculations!AH2:AH10,Calculations!A2:A10,"Expected",Calculations!AF2:AF10,A3) | D3: =SUMIFS(Calculations!V2:V10,Calculations!A2:A10,"Expected",Calculations!AF2:AF10,A3) | E3: =IF(C3=0,"",D3*1000000/C3) | F3: Complete | G3: =C3/I3 | H3: =D3/I3 | I3: 30
A4: simple | B4: Input cache write | C4: =SUMIFS(Calculations!AI2:AI10,Calculations!A2:A10,"Expected",Calculations!AF2:AF10,A4) | D4: =SUMIFS(Calculations!W2:W10,Calculations!A2:A10,"Expected",Calculations!AF2:AF10,A4) | E4: =IF(C4=0,"",D4*1000000/C4) | F4: Complete | G4: =C4/I4 | H4: =D4/I4 | I4: 30
A5: simple | B5: Output incl. reasoning | C5: =SUMIFS(Calculations!S2:S10,Calculations!A2:A10,"Expected",Calculations!AF2:AF10,A5) | D5: =SUMIFS(Calculations!U2:U10,Calculations!A2:A10,"Expected",Calculations!AF2:AF10,A5) | E5: =IF(C5=0,"",D5*1000000/C5) | F5: Complete | G5: =C5/I5 | H5: =D5/I5 | I5: 30
A6: simple | B6: Total | C6: =SUM(C2:C5) | D6: =SUM(D2:D5) | F6: Complete | G6: =C6/I6 | H6: =D6/I6 | I6: 30
A7: medium | B7: Uncached input | C7: =SUMIFS(Calculations!AG2:AG10,Calculations!A2:A10,"Expected",Calculations!AF2:AF10,A7) | D7: =SUMIFS(Calculations!T2:T10,Calculations!A2:A10,"Expected",Calculations!AF2:AF10,A7) | E7: =IF(C7=0,"",D7*1000000/C7) | F7: Complete | G7: =C7/I7 | H7: =D7/I7 | I7: 30
A8: medium | B8: Cached input read | C8: =SUMIFS(Calculations!AH2:AH10,Calculations!A2:A10,"Expected",Calculations!AF2:AF10,A8) | D8: =SUMIFS(Calculations!V2:V10,Calculations!A2:A10,"Expected",Calculations!AF2:AF10,A8) | E8: =IF(C8=0,"",D8*1000000/C8) | F8: Complete | G8: =C8/I8 | H8: =D8/I8 | I8: 30
A9: medium | B9: Input cache write | C9: =SUMIFS(Calculations!AI2:AI10,Calculations!A2:A10,"Expected",Calculations!AF2:AF10,A9) | D9: =SUMIFS(Calculations!W2:W10,Calculations!A2:A10,"Expected",Calculations!AF2:AF10,A9) | E9: =IF(C9=0,"",D9*1000000/C9) | F9: Complete | G9: =C9/I9 | H9: =D9/I9 | I9: 30
A10: medium | B10: Output incl. reasoning | C10: =SUMIFS(Calculations!S2:S10,Calculations!A2:A10,"Expected",Calculations!AF2:AF10,A10) | D10: =SUMIFS(Calculations!U2:U10,Calculations!A2:A10,"Expected",Calculations!AF2:AF10,A10) | E10: =IF(C10=0,"",D10*1000000/C10) | F10: Complete | G10: =C10/I10 | H10: =D10/I10 | I10: 30
A11: medium | B11: Total | C11: =SUM(C7:C10) | D11: =SUM(D7:D10) | F11: Complete | G11: =C11/I11 | H11: =D11/I11 | I11: 30
A12: high | B12: Uncached input | C12: =SUMIFS(Calculations!AG2:AG10,Calculations!A2:A10,"Expected",Calculations!AF2:AF10,A12) | D12: =SUMIFS(Calculations!T2:T10,Calculations!A2:A10,"Expected",Calculations!AF2:AF10,A12) | E12: =IF(C12=0,"",D12*1000000/C12) | F12: Complete | G12: =C12/I12 | H12: =D12/I12 | I12: 30
A13: high | B13: Cached input read | C13: =SUMIFS(Calculations!AH2:AH10,Calculations!A2:A10,"Expected",Calculations!AF2:AF10,A13) | D13: =SUMIFS(Calculations!V2:V10,Calculations!A2:A10,"Expected",Calculations!AF2:AF10,A13) | E13: =IF(C13=0,"",D13*1000000/C13) | F13: Complete | G13: =C13/I13 | H13: =D13/I13 | I13: 30
A14: high | B14: Input cache write | C14: =SUMIFS(Calculations!AI2:AI10,Calculations!A2:A10,"Expected",Calculations!AF2:AF10,A14) | D14: =SUMIFS(Calculations!W2:W10,Calculations!A2:A10,"Expected",Calculations!AF2:AF10,A14) | E14: =IF(C14=0,"",D14*1000000/C14) | F14: Complete | G14: =C14/I14 | H14: =D14/I14 | I14: 30
A15: high | B15: Output incl. reasoning | C15: =SUMIFS(Calculations!S2:S10,Calculations!A2:A10,"Expected",Calculations!AF2:AF10,A15) | D15: =SUMIFS(Calculations!U2:U10,Calculations!A2:A10,"Expected",Calculations!AF2:AF10,A15) | E15: =IF(C15=0,"",D15*1000000/C15) | F15: Complete | G15: =C15/I15 | H15: =D15/I15 | I15: 30
A16: high | B16: Total | C16: =SUM(C12:C15) | D16: =SUM(D12:D15) | F16: Complete | G16: =C16/I16 | H16: =D16/I16 | I16: 30

Sheet Monthly scenario summary
A1: Scenario | B1: Input tokens/month | C1: Input cost USD/month | D1: Output tokens/month | E1: Output cost USD/month | F1: Total tokens/month | G1: Total token cost USD/month | H1: Harness cost USD/month | I1: Other costs USD/month | J1: Total cost USD/month | K1: Status
A2: Low | B2: =SUMIFS(Calculations!R2:R10,Calculations!A2:A10,A2) | C2: =SUMIFS(Calculations!T2:T10,Calculations!A2:A10,A2)+SUMIFS(Calculations!V2:V10,Calculations!A2:A10,A2)+SUMIFS(Calculations!W2:W10,Calculations!A2:A10,A2) | D2: =SUMIFS(Calculations!S2:S10,Calculations!A2:A10,A2) | E2: =SUMIFS(Calculations!U2:U10,Calculations!A2:A10,A2) | F2: =B2+D2 | G2: =C2+E2 | H2: =SUMIF(Summary!A2:A4,A2,Summary!J2:J4) | I2: =SUMIF(Summary!A2:A4,A2,Summary!C2:C4)+SUMIF(Summary!A2:A4,A2,Summary!I2:I4) | J2: =SUMIF(Summary!A2:A4,A2,Summary!D2:D4) | K2: Complete
A3: Expected | B3: =SUMIFS(Calculations!R2:R10,Calculations!A2:A10,A3) | C3: =SUMIFS(Calculations!T2:T10,Calculations!A2:A10,A3)+SUMIFS(Calculations!V2:V10,Calculations!A2:A10,A3)+SUMIFS(Calculations!W2:W10,Calculations!A2:A10,A3) | D3: =SUMIFS(Calculations!S2:S10,Calculations!A2:A10,A3) | E3: =SUMIFS(Calculations!U2:U10,Calculations!A2:A10,A3) | F3: =B3+D3 | G3: =C3+E3 | H3: =SUMIF(Summary!A2:A4,A3,Summary!J2:J4) | I3: =SUMIF(Summary!A2:A4,A3,Summary!C2:C4)+SUMIF(Summary!A2:A4,A3,Summary!I2:I4) | J3: =SUMIF(Summary!A2:A4,A3,Summary!D2:D4) | K3: Complete
A4: High | B4: =SUMIFS(Calculations!R2:R10,Calculations!A2:A10,A4) | C4: =SUMIFS(Calculations!T2:T10,Calculations!A2:A10,A4)+SUMIFS(Calculations!V2:V10,Calculations!A2:A10,A4)+SUMIFS(Calculations!W2:W10,Calculations!A2:A10,A4) | D4: =SUMIFS(Calculations!S2:S10,Calculations!A2:A10,A4) | E4: =SUMIFS(Calculations!U2:U10,Calculations!A2:A10,A4) | F4: =B4+D4 | G4: =C4+E4 | H4: =SUMIF(Summary!A2:A4,A4,Summary!J2:J4) | I4: =SUMIF(Summary!A2:A4,A4,Summary!C2:C4)+SUMIF(Summary!A2:A4,A4,Summary!I2:I4) | J4: =SUMIF(Summary!A2:A4,A4,Summary!D2:D4) | K4: Complete

Sheet Monthly category summary
A1: Complexity | B1: Input tokens/month | C1: Known input USD/month | D1: Output tokens/month | E1: Known output USD/month | F1: Total tokens/month | G1: Known LLM USD/month | H1: Status
A2: simple | B2: ='Category usage'!B2 | C2: =SUM('Category costs'!D2:D4) | D2: ='Category usage'!C2 | E2: ='Category costs'!D5 | F2: =B2+D2 | G2: =C2+E2 | H2: Complete
A3: medium | B3: ='Category usage'!B3 | C3: =SUM('Category costs'!D7:D9) | D3: ='Category usage'!C3 | E3: ='Category costs'!D10 | F3: =B3+D3 | G3: =C3+E3 | H3: Complete
A4: high | B4: ='Category usage'!B4 | C4: =SUM('Category costs'!D12:D14) | D4: ='Category usage'!C4 | E4: ='Category costs'!D15 | F4: =B4+D4 | G4: =C4+E4 | H4: Complete
A5: Suite total | B5: =SUM(B2:B4) | C5: =SUM(C2:C4) | D5: =SUM(D2:D4) | E5: =SUM(E2:E4) | F5: =B5+D5 | G5: =C5+E5 | H5: Complete

Sheet Profiles
A1: complexity | B1: calls | C1: input_tokens | D1: output_tokens | E1: retry_rate | F1: cache_fraction | G1: cache_write_fraction
A2: simple | B2: 1 | C2: 2000 | D2: 500 | E2: 0.02 | F2: 0 | G2: 0
A3: medium | B3: 4 | C3: 6000 | D3: 1000 | E3: 0.05 | F3: 0 | G3: 0
A4: high | B4: 10 | C4: 15000 | D4: 2000 | E4: 0.10 | F4: 0 | G4: 0

Sheet Scenarios
A1: name | B1: volume_factor | C1: calls_factor | D1: input_factor | E1: output_factor | F1: retry_factor | G1: model_id
A2: Low | B2: 1 | C2: 1 | D2: 0.75 | E2: 0.75 | F2: 1
A3: Expected | B3: 1 | C3: 1 | D3: 1 | E3: 1 | F3: 1
A4: High | B4: 1 | C4: 1 | D4: 1.5 | E4: 1.5 | F4: 1

Sheet Additional costs
A1: No items

Sheet Pricing
A1: Model ID | B1: Provider | C1: Input original currency/M | D1: Output original currency/M | E1: Cache read original currency/M | F1: Cache write original currency/M | G1: Source | H1: Retrieved at | I1: Custom | J1: Tier details | K1: Unsupported | L1: Source type | M1: Channel | N1: Region | O1: Original currency | P1: USD per currency unit | Q1: FX source | R1: FX retrieval date
A2: Fixture A | B2: Fixture vendor A | C2: 2 | D2: 8 | G2: Versioned architect fixture | H2: 2026-10-02 | I2: TRUE | L2: vendor_api | O2: USD | P2: 1
A3: Fixture B | B3: Fixture vendor B | C3: 1 | D3: 4 | G3: Versioned architect fixture | H3: 2026-10-02 | I3: TRUE | L3: vendor_api | O3: USD | P3: 1

Sheet Read me
A1: Item | B1: Detail
A2: Estimate | B2: Agentic fixture
A3: Notes
A4: Currency | B4: USD
A5: Calculation editing | B5: Edit numeric inputs in Calculations to recalculate costs. For direct-volume rows, column F derives scenario monthly volume from columns Z–AE using a 30-day planning month. For derived rows, column F is the graph result precomputed by the app; edit links or upstream volume in the app and re-export. Profiles, Scenarios, Agents and Pricing document the snapshot; editing those sheets does not propagate to Calculations.
A6: Volume and category totals | B6: Volume derives direct baseline invocations and records app-precomputed derived invocations. Category totals sums the Volume sheet by complexity. These totals exclude scenario volume multipliers; Calculations contains scenario-effective volumes.
A7: Agent links | B7: Agent links shows effective Low/Expected/High probability, fanout, and child contributions. Parent totals are precomputed in topological order by the app; changing edges or parent totals in this workbook does not update derived rows in Calculations or Volume. Re-export from the app for a revised graph. Derived rows in Agents cannot be reimported without rebuilding links in the app.
A8: Category token usage | B8: Category usage sums Expected-scenario input and output tokens from Calculations, including normal calls and extra attempts. Cached input is part of input usage, not an extra category; billable reasoning is included in output. Average daily tokens divide monthly totals by 30 planning days.
A9: Category token costs | B9: Category costs splits Expected-scenario tokens into uncached input, cached reads, cache writes and output. Known monthly costs sum the corresponding Calculations formulas; average daily tokens and costs divide monthly values by 30 planning days. Blended USD/1M is derived from each token-type subtotal when pricing is complete; inspect Calculations for each model's selected rate. Incomplete rows omit unpriced agent lines from costs while retaining their token counts. Re-export after resolving pricing or limits.
A10: Monthly category summary | B10: Monthly category summary combines Category usage input/output token counts with Category costs. Input cost includes uncached input, cached reads, and cache writes; output includes billable reasoning. The suite row sums category values and reconciles to the Expected LLM amount in Summary. Incomplete values include only fully priced agent lines.
A11: Tier rates | B11: Rates in Calculations are selected using the exported per-call input size. After crossing a tier threshold, update the applicable rates from Pricing or re-export from the app.
A12: Partial totals | B12: Incomplete rows have blank costs; summaries are known subtotals, not full budgets.
A13: Annualization | B13: First year = 12 identical recurring months + one-time items. Additional monthly/one-time values in Summary are editable frozen inputs.
A14: Scope | B14: Text tokens, including total billable reasoning in output. Cache writes use supplied rates. Per-agent tool rows and the simple suite harness are separate. Cache storage, multimodal charges, and advanced platform billing require additional items/custom rates.
A15: Scenarios | B15: Planning assumptions, not statistical confidence intervals. Execution fields in Calculations are scenario-effective values.
... A19: Version | B19: Schema 9; defaults 1
