Workbook

Sheet Summary
A1: Scenario | B1: LLM monthly USD | C1: Additional monthly USD | D1: Recurring monthly USD | E1: One-time USD | F1: First month USD | G1: First year USD | H1: Status | I1: Tool monthly USD | J1: Harness monthly USD
A2: Low | B2: =SUM(Calculations!X2:X5) | C2: 0 | D2: =B2+C2+I2+J2 | E2: 0 | F2: =D2+E2 | G2: =D2*12+E2 | H2: Complete | I2: =0 | J2: =Harness!I2
A3: Expected | B3: =SUM(Calculations!X6:X9) | C3: 0 | D3: =B3+C3+I3+J3 | E3: 0 | F3: =D3+E3 | G3: =D3*12+E3 | H3: Complete | I3: =0 | J3: =Harness!I3
A4: High | B4: =SUM(Calculations!X10:X13) | C4: 0 | D4: =B4+C4+I4+J4 | E4: 0 | F4: =D4+E4 | G4: =D4*12+E4 | H4: Complete | I4: =0 | J4: =Harness!I4

Sheet Calculations
A1: Scenario | B1: Agent | C1: Step | D1: Model | E1: Count | F1: Total monthly invocations per agent | G1: Calls/invocation | H1: Extra attempt rate | I1: Input/call | J1: Output/call | K1: Cache read fraction | L1: Cache write fraction | M1: Input USD/M | N1: Output USD/M | O1: Cache read USD/M | P1: Cache write USD/M | Q1: Monthly calls | R1: Input tokens/month | S1: Output tokens/month | T1: Input USD | U1: Output USD | V1: Cache read USD | W1: Cache write USD | X1: LLM monthly USD | Y1: Status | Z1: Volume source | AA1: Users/day/agent | AB1: Invocations/user/agent/day | AC1: Planning days/month | AD1: Manual invocations/agent/month | AE1: Scenario volume factor | AF1: Complexity | AG1: Uncached input tokens/month | AH1: Cached read tokens/month | AI1: Cache write tokens/month | AJ1: Raw calls/occurrence after scenario | AK1: Step x model probability | AL1: Step ID | AM1: Model role
A2: Low | B2: Root | C2: Main step | D2: A | E2: 1 | F2: =IF(Z2="daily_users",AA2*AB2*AC2,AD2)*AE2 | G2: =AJ2*AK2 | H2: 0 | I2: 750 | J2: 0 | K2: 0 | L2: 0 | M2: 2 | N2: 0 | Q2: =E2*F2*G2*(1+H2) | R2: =Q2*I2 | S2: =Q2*J2 | T2: =R2*(1-K2-L2)*M2/1000000 | U2: =S2*N2/1000000 | V2: =R2*K2*O2/1000000 | W2: =R2*L2*P2/1000000 | X2: =SUM(T2:W2) | Y2: Complete | Z2: daily_users | AA2: 10 | AB2: 1 | AC2: 30 | AD2: 1000 | AE2: 1 | AF2: simple | AG2: =R2*(1-K2-L2) | AH2: =R2*K2 | AI2: =R2*L2 | AJ2: 1 | AK2: 1 | AL2: root-model
A3: Low | B3: Cara | C3: Aggregate | D3: A | E3: 1 | F3: =IF(Z3="daily_users",AA3*AB3*AC3,AD3)*AE3 | G3: =AJ3*AK3 | H3: 0 | I3: 750 | J3: 0 | K3: 0 | L3: 0 | M3: 2 | N3: 0 | Q3: =E3*F3*G3*(1+H3) | R3: =Q3*I3 | S3: =Q3*J3 | T3: =R3*(1-K3-L3)*M3/1000000 | U3: =S3*N3/1000000 | V3: =R3*K3*O3/1000000 | W3: =R3*L3*P3/1000000 | X3: =SUM(T3:W3) | Y3: Complete | Z3: daily_users | AA3: 1 | AB3: 1 | AC3: 30 | AD3: 1000 | AE3: 1 | AF3: simple | AG3: =R3*(1-K3-L3) | AH3: =R3*K3 | AI3: =R3*L3 | AJ3: 1 | AK3: 1
A4: Low | B4: Alice | C4: Aggregate | D4: A | E4: 1 | F4: 240 | G4: =AJ4*AK4 | H4: 0 | I4: 750 | J4: 0 | K4: 0 | L4: 0 | M4: 2 | N4: 0 | Q4: =E4*F4*G4*(1+H4) | R4: =Q4*I4 | S4: =Q4*J4 | T4: =R4*(1-K4-L4)*M4/1000000 | U4: =S4*N4/1000000 | V4: =R4*K4*O4/1000000 | W4: =R4*L4*P4/1000000 | X4: =SUM(T4:W4) | Y4: Complete | Z4: derived | AA4: 1 | AB4: 1 | AC4: 30 | AD4: 1000 | AE4: 1 | AF4: simple | AG4: =R4*(1-K4-L4) | AH4: =R4*K4 | AI4: =R4*L4 | AJ4: 1 | AK4: 1
A5: Low | B5: Bob | C5: Main step | D5: B | E5: 1 | F5: 60 | G5: =AJ5*AK5 | H5: 0 | I5: 750 | J5: 0 | K5: 0 | L5: 0 | M5: 10 | N5: 0 | Q5: =E5*F5*G5*(1+H5) | R5: =Q5*I5 | S5: =Q5*J5 | T5: =R5*(1-K5-L5)*M5/1000000 | U5: =S5*N5/1000000 | V5: =R5*K5*O5/1000000 | W5: =R5*L5*P5/1000000 | X5: =SUM(T5:W5) | Y5: Complete | Z5: derived | AA5: 1 | AB5: 1 | AC5: 30 | AD5: 1000 | AE5: 1 | AF5: simple | AG5: =R5*(1-K5-L5) | AH5: =R5*K5 | AI5: =R5*L5 | AJ5: 1 | AK5: 1 | AL5: adfea3f2-0f40-4731-9719-20f7b3e73708
A6: Expected | B6: Root | C6: Main step | D6: A | E6: 1 | F6: =IF(Z6="daily_users",AA6*AB6*AC6,AD6)*AE6 | G6: =AJ6*AK6 | H6: 0 | I6: 1000 | J6: 0 | K6: 0 | L6: 0 | M6: 2 | N6: 0 | Q6: =E6*F6*G6*(1+H6) | R6: =Q6*I6 | S6: =Q6*J6 | T6: =R6*(1-K6-L6)*M6/1000000 | U6: =S6*N6/1000000 | V6: =R6*K6*O6/1000000 | W6: =R6*L6*P6/1000000 | X6: =SUM(T6:W6) | Y6: Complete | Z6: daily_users | AA6: 10 | AB6: 1 | AC6: 30 | AD6: 1000 | AE6: 1 | AF6: simple | AG6: =R6*(1-K6-L6) | AH6: =R6*K6 | AI6: =R6*L6 | AJ6: 1 | AK6: 1 | AL6: root-model
A7: Expected | B7: Cara | C7: Aggregate | D7: A | E7: 1 | F7: =IF(Z7="daily_users",AA7*AB7*AC7,AD7)*AE7 | G7: =AJ7*AK7 | H7: 0 | I7: 1000 | J7: 0 | K7: 0 | L7: 0 | M7: 2 | N7: 0 | Q7: =E7*F7*G7*(1+H7) | R7: =Q7*I7 | S7: =Q7*J7 | T7: =R7*(1-K7-L7)*M7/1000000 | U7: =S7*N7/1000000 | V7: =R7*K7*O7/1000000 | W7: =R7*L7*P7/1000000 | X7: =SUM(T7:W7) | Y7: Complete | Z7: daily_users | AA7: 1 | AB7: 1 | AC7: 30 | AD7: 1000 | AE7: 1 | AF7: simple | AG7: =R7*(1-K7-L7) | AH7: =R7*K7 | AI7: =R7*L7 | AJ7: 1 | AK7: 1
A8: Expected | B8: Alice | C8: Aggregate | D8: A | E8: 1 | F8: 240 | G8: =AJ8*AK8 | H8: 0 | I8: 1000 | J8: 0 | K8: 0 | L8: 0 | M8: 2 | N8: 0 | Q8: =E8*F8*G8*(1+H8) | R8: =Q8*I8 | S8: =Q8*J8 | T8: =R8*(1-K8-L8)*M8/1000000 | U8: =S8*N8/1000000 | V8: =R8*K8*O8/1000000 | W8: =R8*L8*P8/1000000 | X8: =SUM(T8:W8) | Y8: Complete | Z8: derived | AA8: 1 | AB8: 1 | AC8: 30 | AD8: 1000 | AE8: 1 | AF8: simple | AG8: =R8*(1-K8-L8) | AH8: =R8*K8 | AI8: =R8*L8 | AJ8: 1 | AK8: 1
A9: Expected | B9: Bob | C9: Main step | D9: B | E9: 1 | F9: 60 | G9: =AJ9*AK9 | H9: 0 | I9: 1000 | J9: 0 | K9: 0 | L9: 0 | M9: 10 | N9: 0 | Q9: =E9*F9*G9*(1+H9) | R9: =Q9*I9 | S9: =Q9*J9 | T9: =R9*(1-K9-L9)*M9/1000000 | U9: =S9*N9/1000000 | V9: =R9*K9*O9/1000000 | W9: =R9*L9*P9/1000000 | X9: =SUM(T9:W9) | Y9: Complete | Z9: derived | AA9: 1 | AB9: 1 | AC9: 30 | AD9: 1000 | AE9: 1 | AF9: simple | AG9: =R9*(1-K9-L9) | AH9: =R9*K9 | AI9: =R9*L9 | AJ9: 1 | AK9: 1 | AL9: adfea3f2-0f40-4731-9719-20f7b3e73708
A10: High | B10: Root | C10: Main step | D10: A | E10: 1 | F10: =IF(Z10="daily_users",AA10*AB10*AC10,AD10)*AE10 | G10: =AJ10*AK10 | H10: 0 | I10: 1500 | J10: 0 | K10: 0 | L10: 0 | M10: 2 | N10: 0 | Q10: =E10*F10*G10*(1+H10) | R10: =Q10*I10 | S10: =Q10*J10 | T10: =R10*(1-K10-L10)*M10/1000000 | U10: =S10*N10/1000000 | V10: =R10*K10*O10/1000000 | W10: =R10*L10*P10/1000000 | X10: =SUM(T10:W10) | Y10: Complete | Z10: daily_users | AA10: 10 | AB10: 1 | AC10: 30 | AD10: 1000 | AE10: 1 | AF10: simple | AG10: =R10*(1-K10-L10) | AH10: =R10*K10 | AI10: =R10*L10 | AJ10: 1 | AK10: 1 | AL10: root-model
A11: High | B11: Cara | C11: Aggregate | D11: A | E11: 1 | F11: =IF(Z11="daily_users",AA11*AB11*AC11,AD11)*AE11 | G11: =AJ11*AK11 | H11: 0 | I11: 1500 | J11: 0 | K11: 0 | L11: 0 | M11: 2 | N11: 0 | Q11: =E11*F11*G11*(1+H11) | R11: =Q11*I11 | S11: =Q11*J11 | T11: =R11*(1-K11-L11)*M11/1000000 | U11: =S11*N11/1000000 | V11: =R11*K11*O11/1000000 | W11: =R11*L11*P11/1000000 | X11: =SUM(T11:W11) | Y11: Complete | Z11: daily_users | AA11: 1 | AB11: 1 | AC11: 30 | AD11: 1000 | AE11: 1 | AF11: simple | AG11: =R11*(1-K11-L11) | AH11: =R11*K11 | AI11: =R11*L11 | AJ11: 1 | AK11: 1
A12: High | B12: Alice | C12: Aggregate | D12: A | E12: 1 | F12: 240 | G12: =AJ12*AK12 | H12: 0 | I12: 1500 | J12: 0 | K12: 0 | L12: 0 | M12: 2 | N12: 0 | Q12: =E12*F12*G12*(1+H12) | R12: =Q12*I12 | S12: =Q12*J12 | T12: =R12*(1-K12-L12)*M12/1000000 | U12: =S12*N12/1000000 | V12: =R12*K12*O12/1000000 | W12: =R12*L12*P12/1000000 | X12: =SUM(T12:W12) | Y12: Complete | Z12: derived | AA12: 1 | AB12: 1 | AC12: 30 | AD12: 1000 | AE12: 1 | AF12: simple | AG12: =R12*(1-K12-L12) | AH12: =R12*K12 | AI12: =R12*L12 | AJ12: 1 | AK12: 1
A13: High | B13: Bob | C13: Main step | D13: B | E13: 1 | F13: 60 | G13: =AJ13*AK13 | H13: 0 | I13: 1500 | J13: 0 | K13: 0 | L13: 0 | M13: 10 | N13: 0 | Q13: =E13*F13*G13*(1+H13) | R13: =Q13*I13 | S13: =Q13*J13 | T13: =R13*(1-K13-L13)*M13/1000000 | U13: =S13*N13/1000000 | V13: =R13*K13*O13/1000000 | W13: =R13*L13*P13/1000000 | X13: =SUM(T13:W13) | Y13: Complete | Z13: derived | AA13: 1 | AB13: 1 | AC13: 30 | AD13: 1000 | AE13: 1 | AF13: simple | AG13: =R13*(1-K13-L13) | AH13: =R13*K13 | AI13: =R13*L13 | AJ13: 1 | AK13: 1 | AL13: adfea3f2-0f40-4731-9719-20f7b3e73708

Sheet Agents
A1: name | B1: complexity | C1: count | D1: invocations | E1: model_id | F1: calls | G1: input_tokens | H1: output_tokens | I1: retry_rate | J1: cache_fraction | K1: cache_write_fraction | L1: volume_source | M1: users_per_day | N1: invocations_per_user_per_agent_per_day | O1: agent_id | P1: business_use_case_description | Q1: row_id
A2: Root | B2: simple | C2: 1 | D2: 1000 | L2: daily_users | M2: 10 | N2: 1 | O2: root | P2: Root handles a request | Q2: root-row
A3: Cara | B3: simple | C3: 1 | D3: 1000 | E3: A | L3: daily_users | M3: 1 | N3: 1 | O3: cara | P3: Cara handles a request | Q3: shared-row
A4: Alice | B4: simple | C4: 1 | D4: 1000 | E4: A | L4: derived | M4: 1 | N4: 1 | O4: alice | P4: Alice handles a request | Q4: fccadf8a-040e-5986-823e-550c20621469
A5: Bob | B5: simple | C5: 1 | D5: 1000 | E5: A | L5: derived | M5: 1 | N5: 1 | O5: bob | P5: Bob handles a request | Q5: df326191-e9f7-5439-a544-ae2e7f9efb1e

Sheet Step options
A1: row_id | B1: step_id | C1: step_name | D1: order | E1: action_type | F1: execution_probability | G1: complexity | H1: option_id | I1: probability | J1: model_id | K1: child_agent_id | L1: calls | M1: input_tokens | N1: output_tokens | O1: retry_rate | P1: cache_fraction | Q1: cache_write_fraction | R1: low_execution_probability | S1: high_execution_probability | T1: low_probability | U1: high_probability
A2: root-row | B2: root-model | C2: Main step | D2: 1 | E2: model | F2: 1 | G2: simple | H2: root-model-model | I2: 1 | J2: A | L2: 1 | M2: 1000 | N2: 0 | O2: 0 | P2: 0 | Q2: 0
A3: root-row | B3: 7bbce1c8-83e0-4254-86f4-3662b26d717e | C3: Step 2 | D3: 2 | E3: agent | F3: 1 | G3: simple | H3: f8c8132f-fae6-48ca-be6d-87608dc8a1c0 | I3: 0.8 | K3: alice
A4: root-row | B4: 7bbce1c8-83e0-4254-86f4-3662b26d717e | C4: Step 2 | D4: 2 | E4: agent | F4: 1 | G4: simple | H4: 7c380bbb-25d1-4f02-9b21-fdaeaa5e09b6 | I4: 0.2 | K4: bob
A5: df326191-e9f7-5439-a544-ae2e7f9efb1e | B5: adfea3f2-0f40-4731-9719-20f7b3e73708 | C5: Main step | D5: 1 | E5: model | F5: 1 | G5: simple | H5: cd551d44-0765-478a-aaf5-93d349fd58db | I5: 1 | J5: B | L5: 1 | M5: 1000 | N5: 0 | O5: 0 | P5: 0 | Q5: 0

Sheet Step actions
A1: Scenario | B1: Agent | C1: Step | D1: Action | E1: Step probability | F1: Option ID | G1: Target | H1: Selection probability | I1: Option USD/execution (precomputed) | J1: Weighted USD/execution (precomputed) | K1: Step USD/month incl children (precomputed) | L1: Status
A2: Low | B2: Root | C2: Main step | D2: model | E2: 1 | F2: root-model-model | G2: A | H2: 1 | I2: 0.0015 | J2: 0.0015 | K2: 0.45 | L2: Complete
A3: Low | B3: Root | C3: Step 2 | D3: agent | E3: 1 | F3: f8c8132f-fae6-48ca-be6d-87608dc8a1c0 | G3: alice | H3: 0.8 | I3: 0.0015 | J3: 0.0012 | K3: 0.81 | L3: Complete
A4: Low | B4: Root | C4: Step 2 | D4: agent | E4: 1 | F4: 7c380bbb-25d1-4f02-9b21-fdaeaa5e09b6 | G4: bob | H4: 0.2 | I4: 0.0075 | J4: 0.0015 | K4: 0.81 | L4: Complete
A5: Low | B5: Bob | C5: Main step | D5: model | E5: 1 | F5: cd551d44-0765-478a-aaf5-93d349fd58db | G5: B | H5: 1 | I5: 0.0075 | J5: 0.0075 | K5: 0.45 | L5: Complete
A6: Expected | B6: Root | C6: Main step | D6: model | E6: 1 | F6: root-model-model | G6: A | H6: 1 | I6: 0.002 | J6: 0.002 | K6: 0.6 | L6: Complete
A7: Expected | B7: Root | C7: Step 2 | D7: agent | E7: 1 | F7: f8c8132f-fae6-48ca-be6d-87608dc8a1c0 | G7: alice | H7: 0.8 | I7: 0.002 | J7: 0.0016 | K7: 1.08 | L7: Complete
A8: Expected | B8: Root | C8: Step 2 | D8: agent | E8: 1 | F8: 7c380bbb-25d1-4f02-9b21-fdaeaa5e09b6 | G8: bob | H8: 0.2 | I8: 0.01 | J8: 0.002 | K8: 1.08 | L8: Complete
A9: Expected | B9: Bob | C9: Main step | D9: model | E9: 1 | F9: cd551d44-0765-478a-aaf5-93d349fd58db | G9: B | H9: 1 | I9: 0.01 | J9: 0.01 | K9: 0.6 | L9: Complete
A10: High | B10: Root | C10: Main step | D10: model | E10: 1 | F10: root-model-model | G10: A | H10: 1 | I10: 0.003 | J10: 0.003 | K10: 0.9 | L10: Complete
A11: High | B11: Root | C11: Step 2 | D11: agent | E11: 1 | F11: f8c8132f-fae6-48ca-be6d-87608dc8a1c0 | G11: alice | H11: 0.8 | I11: 0.003 | J11: 0.0024 | K11: 1.62 | L11: Complete
A12: High | B12: Root | C12: Step 2 | D12: agent | E12: 1 | F12: 7c380bbb-25d1-4f02-9b21-fdaeaa5e09b6 | G12: bob | H12: 0.2 | I12: 0.015 | J12: 0.003 | K12: 1.62 | L12: Complete
A13: High | B13: Bob | C13: Main step | D13: model | E13: 1 | F13: cd551d44-0765-478a-aaf5-93d349fd58db | G13: B | H13: 1 | I13: 0.015 | J13: 0.015 | K13: 0.9 | L13: Complete

Sheet Agent identities
A1: Source ID | B1: Source name | C1: Agent ID | D1: Agent name | E1: Business use case description
A2: root-row | B2: Root | C2: root | D2: Root | E2: Root handles a request
A3: shared-row | B3: Cara | C3: cara | D3: Cara | E3: Cara handles a request
A4: fccadf8a-040e-5986-823e-550c20621469 | B4: Alice | C4: alice | D4: Alice | E4: Alice handles a request
A5: df326191-e9f7-5439-a544-ae2e7f9efb1e | B5: Bob | C5: bob | D5: Bob | E5: Bob handles a request

Sheet Volume
A1: Agent | B1: Complexity | C1: Agent count | D1: Volume source | E1: Users per agent per day | F1: Invocations per user per agent per day | G1: Planning days per month | H1: Manual invocations per agent per month | I1: Total monthly invocations per agent | J1: Total monthly invocations all agents | K1: Agent row ID | L1: Previous direct volume source
A2: Root | B2: simple | C2: 1 | D2: daily_users | E2: 10 | F2: 1 | G2: 30 | H2: 1000 | I2: =IF(D2="daily_users",E2*F2*G2,H2) | J2: =C2*I2 | K2: root-row
A3: Cara | B3: simple | C3: 1 | D3: daily_users | E3: 1 | F3: 1 | G3: 30 | H3: 1000 | I3: =IF(D3="daily_users",E3*F3*G3,H3) | J3: =C3*I3 | K3: shared-row
A4: Alice | B4: simple | C4: 1 | D4: derived | E4: 1 | F4: 1 | G4: 30 | H4: 1000 | I4: 240 | J4: =C4*I4 | K4: fccadf8a-040e-5986-823e-550c20621469 | L4: daily_users
A5: Bob | B5: simple | C5: 1 | D5: derived | E5: 1 | F5: 1 | G5: 30 | H5: 1000 | I5: 60 | J5: =C5*I5 | K5: df326191-e9f7-5439-a544-ae2e7f9efb1e | L5: daily_users

Sheet Agent links
A1: Scenario | B1: Caller agent | C1: Child agent | D1: Caller step | E1: Selection probability | F1: Parent invocations/month (precomputed) | G1: Child invocations/month | H1: Status | I1: Link ID | J1: Parent row ID | K1: Child row ID | L1: Step execution probability
A2: Low | B2: Root | C2: Alice | D2: Step 2 | E2: 0.8 | F2: 300 | G2: =E2*F2*L2 | H2: Complete | I2: f8c8132f-fae6-48ca-be6d-87608dc8a1c0 | J2: root-row | K2: fccadf8a-040e-5986-823e-550c20621469 | L2: 1
A3: Low | B3: Root | C3: Bob | D3: Step 2 | E3: 0.2 | F3: 300 | G3: =E3*F3*L3 | H3: Complete | I3: 7c380bbb-25d1-4f02-9b21-fdaeaa5e09b6 | J3: root-row | K3: df326191-e9f7-5439-a544-ae2e7f9efb1e | L3: 1
A4: Expected | B4: Root | C4: Alice | D4: Step 2 | E4: 0.8 | F4: 300 | G4: =E4*F4*L4 | H4: Complete | I4: f8c8132f-fae6-48ca-be6d-87608dc8a1c0 | J4: root-row | K4: fccadf8a-040e-5986-823e-550c20621469 | L4: 1
A5: Expected | B5: Root | C5: Bob | D5: Step 2 | E5: 0.2 | F5: 300 | G5: =E5*F5*L5 | H5: Complete | I5: 7c380bbb-25d1-4f02-9b21-fdaeaa5e09b6 | J5: root-row | K5: df326191-e9f7-5439-a544-ae2e7f9efb1e | L5: 1
A6: High | B6: Root | C6: Alice | D6: Step 2 | E6: 0.8 | F6: 300 | G6: =E6*F6*L6 | H6: Complete | I6: f8c8132f-fae6-48ca-be6d-87608dc8a1c0 | J6: root-row | K6: fccadf8a-040e-5986-823e-550c20621469 | L6: 1
A7: High | B7: Root | C7: Bob | D7: Step 2 | E7: 0.2 | F7: 300 | G7: =E7*F7*L7 | H7: Complete | I7: 7c380bbb-25d1-4f02-9b21-fdaeaa5e09b6 | J7: root-row | K7: df326191-e9f7-5439-a544-ae2e7f9efb1e | L7: 1

Sheet Tool costs
A1: Scenario | B1: Agent | C1: Tool | D1: Monthly invocations | E1: Step probability | F1: Tool probability | G1: Units/invocation | H1: USD/unit | I1: Monthly USD | J1: Step ID

Sheet Harness
A1: Scenario | B1: Harness type | C1: Name | D1: Fixed USD/month | E1: Invocations/month | F1: USD/invocation | G1: Step executions/month | H1: USD/step | I1: Monthly USD | J1: Allocation | K1: Include in use-case cost
A2: Low | B2: none | C2: Agent harness | D2: 0 | E2: 630 | F2: 0 | G2: 660 | H2: 0 | I2: =IF(B2="none",0,D2+E2*F2+G2*H2) | J2: by_invocations | K2: TRUE
A3: Expected | B3: none | C3: Agent harness | D3: 0 | E3: 630 | F3: 0 | G3: 660 | H3: 0 | I3: =IF(B3="none",0,D3+E3*F3+G3*H3) | J3: by_invocations | K3: TRUE
A4: High | B4: none | C4: Agent harness | D4: 0 | E4: 630 | F4: 0 | G4: 660 | H4: 0 | I4: =IF(B4="none",0,D4+E4*F4+G4*H4) | J4: by_invocations | K4: TRUE

Sheet Use cases
A1: Scenario | B1: Agent | C1: Use case | D1: Monthly completions | E1: Direct USD/completion | F1: Harness USD/completion | G1: Loaded USD/completion | H1: Status | I1: Calculation path
A2: Low | B2: Root | C2: Root | D2: 300 | E2: 0.0015 | F2: 0 | G2: 0.0042 | H2: Complete | I2: Precomputed DAG rollup; inputs and direct calculations in other sheets
A3: Low | B3: Cara | C3: Cara | D3: 30 | E3: 0.0015 | F3: 0 | G3: 0.0015 | H3: Complete | I3: Precomputed DAG rollup; inputs and direct calculations in other sheets
A4: Low | B4: Alice | C4: Alice | D4: 240 | E4: 0.0015 | F4: 0 | G4: 0.0015 | H4: Complete | I4: Precomputed DAG rollup; inputs and direct calculations in other sheets
A5: Low | B5: Bob | C5: Bob | D5: 60 | E5: 0.0075 | F5: 0 | G5: 0.0075 | H5: Complete | I5: Precomputed DAG rollup; inputs and direct calculations in other sheets
A6: Expected | B6: Root | C6: Root | D6: 300 | E6: 0.002 | F6: 0 | G6: 0.0056 | H6: Complete | I6: Precomputed DAG rollup; inputs and direct calculations in other sheets
A7: Expected | B7: Cara | C7: Cara | D7: 30 | E7: 0.002 | F7: 0 | G7: 0.002 | H7: Complete | I7: Precomputed DAG rollup; inputs and direct calculations in other sheets
A8: Expected | B8: Alice | C8: Alice | D8: 240 | E8: 0.002 | F8: 0 | G8: 0.002 | H8: Complete | I8: Precomputed DAG rollup; inputs and direct calculations in other sheets
A9: Expected | B9: Bob | C9: Bob | D9: 60 | E9: 0.01 | F9: 0 | G9: 0.01 | H9: Complete | I9: Precomputed DAG rollup; inputs and direct calculations in other sheets
A10: High | B10: Root | C10: Root | D10: 300 | E10: 0.003 | F10: 0 | G10: 0.0084 | H10: Complete | I10: Precomputed DAG rollup; inputs and direct calculations in other sheets
A11: High | B11: Cara | C11: Cara | D11: 30 | E11: 0.003 | F11: 0 | G11: 0.003 | H11: Complete | I11: Precomputed DAG rollup; inputs and direct calculations in other sheets
A12: High | B12: Alice | C12: Alice | D12: 240 | E12: 0.003 | F12: 0 | G12: 0.003 | H12: Complete | I12: Precomputed DAG rollup; inputs and direct calculations in other sheets
A13: High | B13: Bob | C13: Bob | D13: 60 | E13: 0.015 | F13: 0 | G13: 0.015 | H13: Complete | I13: Precomputed DAG rollup; inputs and direct calculations in other sheets

Sheet Category totals
A1: Complexity | B1: Total monthly invocations all agents
A2: simple | B2: =SUMIF(Volume!B2:B5,A2,Volume!J2:J5)
A3: medium | B3: =SUMIF(Volume!B2:B5,A3,Volume!J2:J5)
A4: high | B4: =SUMIF(Volume!B2:B5,A4,Volume!J2:J5)
A5: Research intensive | B5: =SUMIF(Volume!B2:B5,A5,Volume!J2:J5)

Sheet Category usage
A1: Complexity | B1: Input tokens/month | C1: Output tokens/month | D1: Total tokens/month | E1: Average tokens/day | F1: Planning days/month
A2: simple | B2: =SUMIFS(Calculations!R2:R13,Calculations!A2:A13,"Expected",Calculations!AF2:AF13,A2) | C2: =SUMIFS(Calculations!S2:S13,Calculations!A2:A13,"Expected",Calculations!AF2:AF13,A2) | D2: =B2+C2 | E2: =D2/F2 | F2: 30
A3: medium | B3: =SUMIFS(Calculations!R2:R13,Calculations!A2:A13,"Expected",Calculations!AF2:AF13,A3) | C3: =SUMIFS(Calculations!S2:S13,Calculations!A2:A13,"Expected",Calculations!AF2:AF13,A3) | D3: =B3+C3 | E3: =D3/F3 | F3: 30
A4: high | B4: =SUMIFS(Calculations!R2:R13,Calculations!A2:A13,"Expected",Calculations!AF2:AF13,A4) | C4: =SUMIFS(Calculations!S2:S13,Calculations!A2:A13,"Expected",Calculations!AF2:AF13,A4) | D4: =B4+C4 | E4: =D4/F4 | F4: 30
A5: Research intensive | B5: =SUMIFS(Calculations!R2:R13,Calculations!A2:A13,"Expected",Calculations!AF2:AF13,A5) | C5: =SUMIFS(Calculations!S2:S13,Calculations!A2:A13,"Expected",Calculations!AF2:AF13,A5) | D5: =B5+C5 | E5: =D5/F5 | F5: 30

Sheet Category costs
A1: Complexity | B1: Token type | C1: Tokens/month | D1: Known cost USD/month | E1: Blended USD/1M tokens | F1: Status | G1: Average tokens/day | H1: Known cost USD/day | I1: Planning days/month
A2: simple | B2: Uncached input | C2: =SUMIFS(Calculations!AG2:AG13,Calculations!A2:A13,"Expected",Calculations!AF2:AF13,A2) | D2: =SUMIFS(Calculations!T2:T13,Calculations!A2:A13,"Expected",Calculations!AF2:AF13,A2) | E2: =IF(C2=0,"",D2*1000000/C2) | F2: Complete | G2: =C2/I2 | H2: =D2/I2 | I2: 30
A3: simple | B3: Cached input read | C3: =SUMIFS(Calculations!AH2:AH13,Calculations!A2:A13,"Expected",Calculations!AF2:AF13,A3) | D3: =SUMIFS(Calculations!V2:V13,Calculations!A2:A13,"Expected",Calculations!AF2:AF13,A3) | E3: =IF(C3=0,"",D3*1000000/C3) | F3: Complete | G3: =C3/I3 | H3: =D3/I3 | I3: 30
A4: simple | B4: Input cache write | C4: =SUMIFS(Calculations!AI2:AI13,Calculations!A2:A13,"Expected",Calculations!AF2:AF13,A4) | D4: =SUMIFS(Calculations!W2:W13,Calculations!A2:A13,"Expected",Calculations!AF2:AF13,A4) | E4: =IF(C4=0,"",D4*1000000/C4) | F4: Complete | G4: =C4/I4 | H4: =D4/I4 | I4: 30
A5: simple | B5: Output incl. reasoning | C5: =SUMIFS(Calculations!S2:S13,Calculations!A2:A13,"Expected",Calculations!AF2:AF13,A5) | D5: =SUMIFS(Calculations!U2:U13,Calculations!A2:A13,"Expected",Calculations!AF2:AF13,A5) | E5: =IF(C5=0,"",D5*1000000/C5) | F5: Complete | G5: =C5/I5 | H5: =D5/I5 | I5: 30
A6: simple | B6: Total | C6: =SUM(C2:C5) | D6: =SUM(D2:D5) | F6: Complete | G6: =C6/I6 | H6: =D6/I6 | I6: 30
A7: medium | B7: Uncached input | C7: =SUMIFS(Calculations!AG2:AG13,Calculations!A2:A13,"Expected",Calculations!AF2:AF13,A7) | D7: =SUMIFS(Calculations!T2:T13,Calculations!A2:A13,"Expected",Calculations!AF2:AF13,A7) | E7: =IF(C7=0,"",D7*1000000/C7) | F7: Complete | G7: =C7/I7 | H7: =D7/I7 | I7: 30
A8: medium | B8: Cached input read | C8: =SUMIFS(Calculations!AH2:AH13,Calculations!A2:A13,"Expected",Calculations!AF2:AF13,A8) | D8: =SUMIFS(Calculations!V2:V13,Calculations!A2:A13,"Expected",Calculations!AF2:AF13,A8) | E8: =IF(C8=0,"",D8*1000000/C8) | F8: Complete | G8: =C8/I8 | H8: =D8/I8 | I8: 30
A9: medium | B9: Input cache write | C9: =SUMIFS(Calculations!AI2:AI13,Calculations!A2:A13,"Expected",Calculations!AF2:AF13,A9) | D9: =SUMIFS(Calculations!W2:W13,Calculations!A2:A13,"Expected",Calculations!AF2:AF13,A9) | E9: =IF(C9=0,"",D9*1000000/C9) | F9: Complete | G9: =C9/I9 | H9: =D9/I9 | I9: 30
A10: medium | B10: Output incl. reasoning | C10: =SUMIFS(Calculations!S2:S13,Calculations!A2:A13,"Expected",Calculations!AF2:AF13,A10) | D10: =SUMIFS(Calculations!U2:U13,Calculations!A2:A13,"Expected",Calculations!AF2:AF13,A10) | E10: =IF(C10=0,"",D10*1000000/C10) | F10: Complete | G10: =C10/I10 | H10: =D10/I10 | I10: 30
A11: medium | B11: Total | C11: =SUM(C7:C10) | D11: =SUM(D7:D10) | F11: Complete | G11: =C11/I11 | H11: =D11/I11 | I11: 30
A12: high | B12: Uncached input | C12: =SUMIFS(Calculations!AG2:AG13,Calculations!A2:A13,"Expected",Calculations!AF2:AF13,A12) | D12: =SUMIFS(Calculations!T2:T13,Calculations!A2:A13,"Expected",Calculations!AF2:AF13,A12) | E12: =IF(C12=0,"",D12*1000000/C12) | F12: Complete | G12: =C12/I12 | H12: =D12/I12 | I12: 30
A13: high | B13: Cached input read | C13: =SUMIFS(Calculations!AH2:AH13,Calculations!A2:A13,"Expected",Calculations!AF2:AF13,A13) | D13: =SUMIFS(Calculations!V2:V13,Calculations!A2:A13,"Expected",Calculations!AF2:AF13,A13) | E13: =IF(C13=0,"",D13*1000000/C13) | F13: Complete | G13: =C13/I13 | H13: =D13/I13 | I13: 30
A14: high | B14: Input cache write | C14: =SUMIFS(Calculations!AI2:AI13,Calculations!A2:A13,"Expected",Calculations!AF2:AF13,A14) | D14: =SUMIFS(Calculations!W2:W13,Calculations!A2:A13,"Expected",Calculations!AF2:AF13,A14) | E14: =IF(C14=0,"",D14*1000000/C14) | F14: Complete | G14: =C14/I14 | H14: =D14/I14 | I14: 30
A15: high | B15: Output incl. reasoning | C15: =SUMIFS(Calculations!S2:S13,Calculations!A2:A13,"Expected",Calculations!AF2:AF13,A15) | D15: =SUMIFS(Calculations!U2:U13,Calculations!A2:A13,"Expected",Calculations!AF2:AF13,A15) | E15: =IF(C15=0,"",D15*1000000/C15) | F15: Complete | G15: =C15/I15 | H15: =D15/I15 | I15: 30
A16: high | B16: Total | C16: =SUM(C12:C15) | D16: =SUM(D12:D15) | F16: Complete | G16: =C16/I16 | H16: =D16/I16 | I16: 30
A17: Research intensive | B17: Uncached input | C17: =SUMIFS(Calculations!AG2:AG13,Calculations!A2:A13,"Expected",Calculations!AF2:AF13,A17) | D17: =SUMIFS(Calculations!T2:T13,Calculations!A2:A13,"Expected",Calculations!AF2:AF13,A17) | E17: =IF(C17=0,"",D17*1000000/C17) | F17: Complete | G17: =C17/I17 | H17: =D17/I17 | I17: 30
A18: Research intensive | B18: Cached input read | C18: =SUMIFS(Calculations!AH2:AH13,Calculations!A2:A13,"Expected",Calculations!AF2:AF13,A18) | D18: =SUMIFS(Calculations!V2:V13,Calculations!A2:A13,"Expected",Calculations!AF2:AF13,A18) | E18: =IF(C18=0,"",D18*1000000/C18) | F18: Complete | G18: =C18/I18 | H18: =D18/I18 | I18: 30
A19: Research intensive | B19: Input cache write | C19: =SUMIFS(Calculations!AI2:AI13,Calculations!A2:A13,"Expected",Calculations!AF2:AF13,A19) | D19: =SUMIFS(Calculations!W2:W13,Calculations!A2:A13,"Expected",Calculations!AF2:AF13,A19) | E19: =IF(C19=0,"",D19*1000000/C19) | F19: Complete | G19: =C19/I19 | H19: =D19/I19 | I19: 30
A20: Research intensive | B20: Output incl. reasoning | C20: =SUMIFS(Calculations!S2:S13,Calculations!A2:A13,"Expected",Calculations!AF2:AF13,A20) | D20: =SUMIFS(Calculations!U2:U13,Calculations!A2:A13,"Expected",Calculations!AF2:AF13,A20) | E20: =IF(C20=0,"",D20*1000000/C20) | F20: Complete | G20: =C20/I20 | H20: =D20/I20 | I20: 30
A21: Research intensive | B21: Total | C21: =SUM(C17:C20) | D21: =SUM(D17:D20) | F21: Complete | G21: =C21/I21 | H21: =D21/I21 | I21: 30

Sheet Monthly scenario summary
A1: Scenario | B1: Input tokens/month | C1: Input cost USD/month | D1: Output tokens/month | E1: Output cost USD/month | F1: Total tokens/month | G1: Total token cost USD/month | H1: Harness cost USD/month | I1: Other costs USD/month | J1: Total cost USD/month | K1: Status
A2: Low | B2: =SUMIFS(Calculations!R2:R13,Calculations!A2:A13,A2) | C2: =SUMIFS(Calculations!T2:T13,Calculations!A2:A13,A2)+SUMIFS(Calculations!V2:V13,Calculations!A2:A13,A2)+SUMIFS(Calculations!W2:W13,Calculations!A2:A13,A2) | D2: =SUMIFS(Calculations!S2:S13,Calculations!A2:A13,A2) | E2: =SUMIFS(Calculations!U2:U13,Calculations!A2:A13,A2) | F2: =B2+D2 | G2: =C2+E2 | H2: =SUMIF(Summary!A2:A4,A2,Summary!J2:J4) | I2: =SUMIF(Summary!A2:A4,A2,Summary!C2:C4)+SUMIF(Summary!A2:A4,A2,Summary!I2:I4) | J2: =SUMIF(Summary!A2:A4,A2,Summary!D2:D4) | K2: Complete
A3: Expected | B3: =SUMIFS(Calculations!R2:R13,Calculations!A2:A13,A3) | C3: =SUMIFS(Calculations!T2:T13,Calculations!A2:A13,A3)+SUMIFS(Calculations!V2:V13,Calculations!A2:A13,A3)+SUMIFS(Calculations!W2:W13,Calculations!A2:A13,A3) | D3: =SUMIFS(Calculations!S2:S13,Calculations!A2:A13,A3) | E3: =SUMIFS(Calculations!U2:U13,Calculations!A2:A13,A3) | F3: =B3+D3 | G3: =C3+E3 | H3: =SUMIF(Summary!A2:A4,A3,Summary!J2:J4) | I3: =SUMIF(Summary!A2:A4,A3,Summary!C2:C4)+SUMIF(Summary!A2:A4,A3,Summary!I2:I4) | J3: =SUMIF(Summary!A2:A4,A3,Summary!D2:D4) | K3: Complete
A4: High | B4: =SUMIFS(Calculations!R2:R13,Calculations!A2:A13,A4) | C4: =SUMIFS(Calculations!T2:T13,Calculations!A2:A13,A4)+SUMIFS(Calculations!V2:V13,Calculations!A2:A13,A4)+SUMIFS(Calculations!W2:W13,Calculations!A2:A13,A4) | D4: =SUMIFS(Calculations!S2:S13,Calculations!A2:A13,A4) | E4: =SUMIFS(Calculations!U2:U13,Calculations!A2:A13,A4) | F4: =B4+D4 | G4: =C4+E4 | H4: =SUMIF(Summary!A2:A4,A4,Summary!J2:J4) | I4: =SUMIF(Summary!A2:A4,A4,Summary!C2:C4)+SUMIF(Summary!A2:A4,A4,Summary!I2:I4) | J4: =SUMIF(Summary!A2:A4,A4,Summary!D2:D4) | K4: Complete

Sheet Monthly category summary
A1: Complexity | B1: Input tokens/month | C1: Known input USD/month | D1: Output tokens/month | E1: Known output USD/month | F1: Total tokens/month | G1: Known LLM USD/month | H1: Status
A2: simple | B2: ='Category usage'!B2 | C2: =SUM('Category costs'!D2:D4) | D2: ='Category usage'!C2 | E2: ='Category costs'!D5 | F2: =B2+D2 | G2: =C2+E2 | H2: Complete
A3: medium | B3: ='Category usage'!B3 | C3: =SUM('Category costs'!D7:D9) | D3: ='Category usage'!C3 | E3: ='Category costs'!D10 | F3: =B3+D3 | G3: =C3+E3 | H3: Complete
A4: high | B4: ='Category usage'!B4 | C4: =SUM('Category costs'!D12:D14) | D4: ='Category usage'!C4 | E4: ='Category costs'!D15 | F4: =B4+D4 | G4: =C4+E4 | H4: Complete
A5: Research intensive | B5: ='Category usage'!B5 | C5: =SUM('Category costs'!D17:D19) | D5: ='Category usage'!C5 | E5: ='Category costs'!D20 | F5: =B5+D5 | G5: =C5+E5 | H5: Complete
A6: Suite total | B6: =SUM(B2:B5) | C6: =SUM(C2:C5) | D6: =SUM(D2:D5) | E6: =SUM(E2:E5) | F6: =B6+D6 | G6: =C6+E6 | H6: Complete

Sheet Profiles
A1: complexity | B1: calls | C1: input_tokens | D1: output_tokens | E1: retry_rate | F1: cache_fraction | G1: cache_write_fraction
A2: simple | B2: 1 | C2: 1000 | D2: 0 | E2: 0 | F2: 0 | G2: 0
A3: medium | B3: 4 | C3: 6000 | D3: 1000 | E3: 0.05 | F3: 0 | G3: 0
A4: high | B4: 10 | C4: 15000 | D4: 2000 | E4: 0.10 | F4: 0 | G4: 0
A5: Research intensive | B5: 2 | C5: 1000 | D5: 500 | E5: 0 | F5: 0 | G5: 0

Sheet Scenarios
A1: name | B1: volume_factor | C1: calls_factor | D1: input_factor | E1: output_factor | F1: retry_factor | G1: model_id
A2: Low | B2: 1 | C2: 1 | D2: 0.75 | E2: 0.75 | F2: 1
A3: Expected | B3: 1 | C3: 1 | D3: 1 | E3: 1 | F3: 1
A4: High | B4: 1 | C4: 1 | D4: 1.5 | E4: 1.5 | F4: 1

Sheet Additional costs
A1: No items

Sheet Pricing
A1: Model ID | B1: Provider | C1: Input original currency/M | D1: Output original currency/M | E1: Cache read original currency/M | F1: Cache write original currency/M | G1: Source | H1: Retrieved at | I1: Custom | J1: Tier details | K1: Unsupported | L1: Source type | M1: Channel | N1: Region | O1: Original currency | P1: USD per currency unit | Q1: FX source | R1: FX retrieval date
A2: A | B2: Synthetic fixture | C2: 2 | D2: 0 | G2: Individual targets v1 | H2: 2026-10-05 | I2: TRUE | L2: vendor_api | O2: USD | P2: 1
A3: B | B3: Synthetic fixture | C3: 10 | D3: 0 | G3: Individual targets v1 | H3: 2026-10-05 | I3: TRUE | L3: vendor_api | O3: USD | P3: 1

Sheet Read me
A1: Item | B1: Detail
A2: Estimate | B2: Individual target fixture
A3: Notes
A4: Currency | B4: USD
A5: Calculation editing | B5: Edit numeric inputs in Calculations to recalculate costs. For direct-volume rows, column F derives scenario monthly volume from columns Z–AE using a 30-day planning month. For derived rows, column F is the graph result precomputed by the app; edit links or upstream volume in the app and re-export. Profiles, Scenarios, Agents and Pricing document the snapshot; editing those sheets does not propagate to Calculations.
A6: Volume and category totals | B6: Volume derives direct baseline invocations and records app-precomputed derived invocations. Category totals sums the Volume sheet by complexity. These totals exclude scenario volume multipliers; Calculations contains scenario-effective volumes.
A7: Agent links | B7: Agent links shows effective Low/Expected/High selection and step execution probabilities and child contributions (one invocation per selected target). Parent totals are precomputed in topological order by the app; changing edges or parent totals in this workbook does not update derived rows in Calculations or Volume. Re-export from the app for a revised graph. Derived rows in Agents cannot be reimported without rebuilding links in the app.
A8: Category token usage | B8: Category usage sums Expected-scenario input and output tokens from Calculations, including normal calls and extra attempts. Cached input is part of input usage, not an extra category; billable reasoning is included in output. Average daily tokens divide monthly totals by 30 planning days.
A9: Category token costs | B9: Category costs splits Expected-scenario tokens into uncached input, cached reads, cache writes and output. Known monthly costs sum the corresponding Calculations formulas; average daily tokens and costs divide monthly values by 30 planning days. Blended USD/1M is derived from each token-type subtotal when pricing is complete; inspect Calculations for each model's selected rate. Incomplete rows omit unpriced agent lines from costs while retaining their token counts. Re-export after resolving pricing or limits.
A10: Monthly category summary | B10: Monthly category summary combines Category usage input/output token counts with Category costs. Input cost includes uncached input, cached reads, and cache writes; output includes billable reasoning. The suite row sums category values and reconciles to the Expected LLM amount in Summary. Incomplete values include only fully priced agent lines.
A11: Tier rates | B11: Rates in Calculations are selected using the exported per-call input size. After crossing a tier threshold, update the applicable rates from Pricing or re-export from the app.
A12: Partial totals | B12: Incomplete rows have blank costs; summaries are known subtotals, not full budgets.
A13: Annualization | B13: First year = 12 identical recurring months + one-time items. Additional monthly/one-time values in Summary are editable frozen inputs.
A14: Scope | B14: Text tokens, including total billable reasoning in output. Cache writes use supplied rates. Per-agent tool rows and the simple suite harness are separate. Cache storage, multimodal charges, and advanced platform billing require additional items/custom rates.
A15: Scenarios | B15: Planning assumptions, not statistical confidence intervals. Execution fields in Calculations are scenario-effective values.
... A19: Version | B19: Schema 10; defaults 1
