Workbook

Sheet Summary
A1: Scenario | B1: LLM monthly USD | C1: Additional monthly USD | D1: Recurring monthly USD | E1: One-time USD | F1: First month USD | G1: First year USD | H1: Status | I1: Tool monthly USD | J1: Harness monthly USD
A2: Low | B2: =SUM(Calculations!X2:X5) | C2: 0 | D2: =B2+C2+I2+J2 | E2: 0 | F2: =D2+E2 | G2: =D2*12+E2 | H2: Complete | I2: =0 | J2: =Harness!I2
A3: Expected | B3: =SUM(Calculations!X6:X9) | C3: 0 | D3: =B3+C3+I3+J3 | E3: 0 | F3: =D3+E3 | G3: =D3*12+E3 | H3: Complete | I3: =0 | J3: =Harness!I3
A4: High | B4: =SUM(Calculations!X10:X13) | C4: 0 | D4: =B4+C4+I4+J4 | E4: 0 | F4: =D4+E4 | G4: =D4*12+E4 | H4: Complete | I4: =0 | J4: =Harness!I4

Sheet Calculations
A1: Scenario | B1: Agent/group | C1: Step | D1: Model | E1: Count | F1: Total monthly invocations per agent | G1: Calls/invocation | H1: Extra attempt rate | I1: Input/call | J1: Output/call | K1: Cache read fraction | L1: Cache write fraction | M1: Input USD/M | N1: Output USD/M | O1: Cache read USD/M | P1: Cache write USD/M | Q1: Monthly calls | R1: Input tokens/month | S1: Output tokens/month | T1: Input USD | U1: Output USD | V1: Cache read USD | W1: Cache write USD | X1: LLM monthly USD | Y1: Status | Z1: Volume source | AA1: Users/day/agent | AB1: Invocations/user/agent/day | AC1: Planning days/month | AD1: Manual invocations/agent/month | AE1: Scenario volume factor | AF1: Complexity | AG1: Uncached input tokens/month | AH1: Cached read tokens/month | AI1: Cache write tokens/month | AJ1: Raw calls/occurrence after scenario | AK1: Step x model probability | AL1: Step ID | AM1: Model role
A2: Low | B2: Simple agents | C2: Aggregate | D2: Fixture A | E2: 1 | F2: =IF(Z2="daily_users",AA2*AB2*AC2,AD2)*AE2 | G2: =AJ2*AK2 | H2: 0.02 | I2: 1500 | J2: 375 | K2: 0 | L2: 0 | M2: 2 | N2: 8 | Q2: =E2*F2*G2*(1+H2) | R2: =Q2*I2 | S2: =Q2*J2 | T2: =R2*(1-K2-L2)*M2/1000000 | U2: =S2*N2/1000000 | V2: =R2*K2*O2/1000000 | W2: =R2*L2*P2/1000000 | X2: =SUM(T2:W2) | Y2: Complete | Z2: daily_users | AA2: 1 | AB2: 33.333333 | AC2: 30 | AD2: 0 | AE2: 1 | AF2: simple | AG2: =R2*(1-K2-L2) | AH2: =R2*K2 | AI2: =R2*L2 | AJ2: 1 | AK2: 1
A3: Low | B3: Medium agents | C3: Aggregate | E3: 0 | F3: =IF(Z3="daily_users",AA3*AB3*AC3,AD3)*AE3 | G3: =AJ3*AK3 | H3: 0.05 | I3: 4500 | J3: 750 | K3: 0 | L3: 0 | Q3: =E3*F3*G3*(1+H3) | R3: =Q3*I3 | S3: =Q3*J3 | T3: =R3*(1-K3-L3)*M3/1000000 | U3: =S3*N3/1000000 | V3: =R3*K3*O3/1000000 | W3: =R3*L3*P3/1000000 | X3: =SUM(T3:W3) | Y3: Complete | Z3: daily_users | AA3: 0 | AB3: 0 | AC3: 30 | AD3: 0 | AE3: 1 | AF3: medium | AG3: =R3*(1-K3-L3) | AH3: =R3*K3 | AI3: =R3*L3 | AJ3: 4 | AK3: 1
A4: Low | B4: High agents | C4: Aggregate | E4: 0 | F4: =IF(Z4="daily_users",AA4*AB4*AC4,AD4)*AE4 | G4: =AJ4*AK4 | H4: 0.1 | I4: 11250 | J4: 1500 | K4: 0 | L4: 0 | Q4: =E4*F4*G4*(1+H4) | R4: =Q4*I4 | S4: =Q4*J4 | T4: =R4*(1-K4-L4)*M4/1000000 | U4: =S4*N4/1000000 | V4: =R4*K4*O4/1000000 | W4: =R4*L4*P4/1000000 | X4: =SUM(T4:W4) | Y4: Complete | Z4: daily_users | AA4: 0 | AB4: 0 | AC4: 30 | AD4: 0 | AE4: 1 | AF4: high | AG4: =R4*(1-K4-L4) | AH4: =R4*K4 | AI4: =R4*L4 | AJ4: 10 | AK4: 1
A5: Low | B5: Simple agent 2 | C5: Aggregate | D5: Fixture A | E5: 1 | F5: =IF(Z5="daily_users",AA5*AB5*AC5,AD5)*AE5 | G5: =AJ5*AK5 | H5: 0.02 | I5: 1500 | J5: 375 | K5: 0 | L5: 0 | M5: 2 | N5: 8 | Q5: =E5*F5*G5*(1+H5) | R5: =Q5*I5 | S5: =Q5*J5 | T5: =R5*(1-K5-L5)*M5/1000000 | U5: =S5*N5/1000000 | V5: =R5*K5*O5/1000000 | W5: =R5*L5*P5/1000000 | X5: =SUM(T5:W5) | Y5: Complete | Z5: daily_users | AA5: 1 | AB5: 33.333333 | AC5: 30 | AD5: 0 | AE5: 1 | AF5: simple | AG5: =R5*(1-K5-L5) | AH5: =R5*K5 | AI5: =R5*L5 | AJ5: 1 | AK5: 1
A6: Expected | B6: Simple agents | C6: Aggregate | D6: Fixture A | E6: 1 | F6: =IF(Z6="daily_users",AA6*AB6*AC6,AD6)*AE6 | G6: =AJ6*AK6 | H6: 0.02 | I6: 2000 | J6: 500 | K6: 0 | L6: 0 | M6: 2 | N6: 8 | Q6: =E6*F6*G6*(1+H6) | R6: =Q6*I6 | S6: =Q6*J6 | T6: =R6*(1-K6-L6)*M6/1000000 | U6: =S6*N6/1000000 | V6: =R6*K6*O6/1000000 | W6: =R6*L6*P6/1000000 | X6: =SUM(T6:W6) | Y6: Complete | Z6: daily_users | AA6: 1 | AB6: 33.333333 | AC6: 30 | AD6: 0 | AE6: 1 | AF6: simple | AG6: =R6*(1-K6-L6) | AH6: =R6*K6 | AI6: =R6*L6 | AJ6: 1 | AK6: 1
A7: Expected | B7: Medium agents | C7: Aggregate | E7: 0 | F7: =IF(Z7="daily_users",AA7*AB7*AC7,AD7)*AE7 | G7: =AJ7*AK7 | H7: 0.05 | I7: 6000 | J7: 1000 | K7: 0 | L7: 0 | Q7: =E7*F7*G7*(1+H7) | R7: =Q7*I7 | S7: =Q7*J7 | T7: =R7*(1-K7-L7)*M7/1000000 | U7: =S7*N7/1000000 | V7: =R7*K7*O7/1000000 | W7: =R7*L7*P7/1000000 | X7: =SUM(T7:W7) | Y7: Complete | Z7: daily_users | AA7: 0 | AB7: 0 | AC7: 30 | AD7: 0 | AE7: 1 | AF7: medium | AG7: =R7*(1-K7-L7) | AH7: =R7*K7 | AI7: =R7*L7 | AJ7: 4 | AK7: 1
A8: Expected | B8: High agents | C8: Aggregate | E8: 0 | F8: =IF(Z8="daily_users",AA8*AB8*AC8,AD8)*AE8 | G8: =AJ8*AK8 | H8: 0.1 | I8: 15000 | J8: 2000 | K8: 0 | L8: 0 | Q8: =E8*F8*G8*(1+H8) | R8: =Q8*I8 | S8: =Q8*J8 | T8: =R8*(1-K8-L8)*M8/1000000 | U8: =S8*N8/1000000 | V8: =R8*K8*O8/1000000 | W8: =R8*L8*P8/1000000 | X8: =SUM(T8:W8) | Y8: Complete | Z8: daily_users | AA8: 0 | AB8: 0 | AC8: 30 | AD8: 0 | AE8: 1 | AF8: high | AG8: =R8*(1-K8-L8) | AH8: =R8*K8 | AI8: =R8*L8 | AJ8: 10 | AK8: 1
A9: Expected | B9: Simple agent 2 | C9: Aggregate | D9: Fixture A | E9: 1 | F9: =IF(Z9="daily_users",AA9*AB9*AC9,AD9)*AE9 | G9: =AJ9*AK9 | H9: 0.02 | I9: 2000 | J9: 500 | K9: 0 | L9: 0 | M9: 2 | N9: 8 | Q9: =E9*F9*G9*(1+H9) | R9: =Q9*I9 | S9: =Q9*J9 | T9: =R9*(1-K9-L9)*M9/1000000 | U9: =S9*N9/1000000 | V9: =R9*K9*O9/1000000 | W9: =R9*L9*P9/1000000 | X9: =SUM(T9:W9) | Y9: Complete | Z9: daily_users | AA9: 1 | AB9: 33.333333 | AC9: 30 | AD9: 0 | AE9: 1 | AF9: simple | AG9: =R9*(1-K9-L9) | AH9: =R9*K9 | AI9: =R9*L9 | AJ9: 1 | AK9: 1
A10: High | B10: Simple agents | C10: Aggregate | D10: Fixture A | E10: 1 | F10: =IF(Z10="daily_users",AA10*AB10*AC10,AD10)*AE10 | G10: =AJ10*AK10 | H10: 0.02 | I10: 3000 | J10: 750 | K10: 0 | L10: 0 | M10: 2 | N10: 8 | Q10: =E10*F10*G10*(1+H10) | R10: =Q10*I10 | S10: =Q10*J10 | T10: =R10*(1-K10-L10)*M10/1000000 | U10: =S10*N10/1000000 | V10: =R10*K10*O10/1000000 | W10: =R10*L10*P10/1000000 | X10: =SUM(T10:W10) | Y10: Complete | Z10: daily_users | AA10: 1 | AB10: 33.333333 | AC10: 30 | AD10: 0 | AE10: 1 | AF10: simple | AG10: =R10*(1-K10-L10) | AH10: =R10*K10 | AI10: =R10*L10 | AJ10: 1 | AK10: 1
A11: High | B11: Medium agents | C11: Aggregate | E11: 0 | F11: =IF(Z11="daily_users",AA11*AB11*AC11,AD11)*AE11 | G11: =AJ11*AK11 | H11: 0.05 | I11: 9000 | J11: 1500 | K11: 0 | L11: 0 | Q11: =E11*F11*G11*(1+H11) | R11: =Q11*I11 | S11: =Q11*J11 | T11: =R11*(1-K11-L11)*M11/1000000 | U11: =S11*N11/1000000 | V11: =R11*K11*O11/1000000 | W11: =R11*L11*P11/1000000 | X11: =SUM(T11:W11) | Y11: Complete | Z11: daily_users | AA11: 0 | AB11: 0 | AC11: 30 | AD11: 0 | AE11: 1 | AF11: medium | AG11: =R11*(1-K11-L11) | AH11: =R11*K11 | AI11: =R11*L11 | AJ11: 4 | AK11: 1
A12: High | B12: High agents | C12: Aggregate | E12: 0 | F12: =IF(Z12="daily_users",AA12*AB12*AC12,AD12)*AE12 | G12: =AJ12*AK12 | H12: 0.1 | I12: 22500 | J12: 3000 | K12: 0 | L12: 0 | Q12: =E12*F12*G12*(1+H12) | R12: =Q12*I12 | S12: =Q12*J12 | T12: =R12*(1-K12-L12)*M12/1000000 | U12: =S12*N12/1000000 | V12: =R12*K12*O12/1000000 | W12: =R12*L12*P12/1000000 | X12: =SUM(T12:W12) | Y12: Complete | Z12: daily_users | AA12: 0 | AB12: 0 | AC12: 30 | AD12: 0 | AE12: 1 | AF12: high | AG12: =R12*(1-K12-L12) | AH12: =R12*K12 | AI12: =R12*L12 | AJ12: 10 | AK12: 1
A13: High | B13: Simple agent 2 | C13: Aggregate | D13: Fixture A | E13: 1 | F13: =IF(Z13="daily_users",AA13*AB13*AC13,AD13)*AE13 | G13: =AJ13*AK13 | H13: 0.02 | I13: 3000 | J13: 750 | K13: 0 | L13: 0 | M13: 2 | N13: 8 | Q13: =E13*F13*G13*(1+H13) | R13: =Q13*I13 | S13: =Q13*J13 | T13: =R13*(1-K13-L13)*M13/1000000 | U13: =S13*N13/1000000 | V13: =R13*K13*O13/1000000 | W13: =R13*L13*P13/1000000 | X13: =SUM(T13:W13) | Y13: Complete | Z13: daily_users | AA13: 1 | AB13: 33.333333 | AC13: 30 | AD13: 0 | AE13: 1 | AF13: simple | AG13: =R13*(1-K13-L13) | AH13: =R13*K13 | AI13: =R13*L13 | AJ13: 1 | AK13: 1

Sheet Agents
A1: name | B1: complexity | C1: count | D1: invocations | E1: model_id | F1: calls | G1: input_tokens | H1: output_tokens | I1: retry_rate | J1: cache_fraction | K1: cache_write_fraction | L1: volume_source | M1: users_per_day | N1: invocations_per_user_per_agent_per_day | O1: agent_id | P1: business_use_case_description
A2: Simple agents | B2: simple | C2: 1 | D2: 0 | E2: Fixture A | L2: daily_users | M2: 1 | N2: 33.333333 | O2: d8156f09-0a85-454e-85e1-567ddbc18390 | P2: Business use case pending description
A3: Medium agents | B3: medium | C3: 0 | D3: 0 | L3: daily_users | M3: 0 | N3: 0
A4: High agents | B4: high | C4: 0 | D4: 0 | L4: daily_users | M4: 0 | N4: 0
A5: Simple agent 2 | B5: simple | C5: 1 | D5: 0 | E5: Fixture A | L5: daily_users | M5: 1 | N5: 33.333333 | O5: b823fdc9-2974-4684-968e-c0739c4313dd | P5: Business use case pending description

Sheet Agent identities
A1: Group ID | B1: Group name | C1: Agent ID | D1: Agent name | E1: Business use case description
A2: cd914d68-377e-47e3-89df-9e26366eb567 | B2: Simple agents | C2: d8156f09-0a85-454e-85e1-567ddbc18390 | D2: Simple agent 1 | E2: Business use case pending description
A3: 4ef11371-211f-4c58-899a-9602432ec569 | B3: Simple agent 2 | C3: b823fdc9-2974-4684-968e-c0739c4313dd | D3: Simple agent 2 | E3: Business use case pending description

Sheet Volume
A1: Agent/group | B1: Complexity | C1: Agent count | D1: Volume source | E1: Users per agent per day | F1: Invocations per user per agent per day | G1: Planning days per month | H1: Legacy manual invocations per agent per month | I1: Total monthly invocations per agent | J1: Total monthly invocations all agents | K1: Agent row ID | L1: Previous direct volume source
A2: Simple agents | B2: simple | C2: 1 | D2: daily_users | E2: 1 | F2: 33.333333 | G2: 30 | H2: 0 | I2: =IF(D2="daily_users",E2*F2*G2,H2) | J2: =C2*I2 | K2: cd914d68-377e-47e3-89df-9e26366eb567
A3: Medium agents | B3: medium | C3: 0 | D3: daily_users | E3: 0 | F3: 0 | G3: 30 | H3: 0 | I3: =IF(D3="daily_users",E3*F3*G3,H3) | J3: =C3*I3 | K3: 2df99a91-396a-4b4f-8a80-a3783f89cef8
A4: High agents | B4: high | C4: 0 | D4: daily_users | E4: 0 | F4: 0 | G4: 30 | H4: 0 | I4: =IF(D4="daily_users",E4*F4*G4,H4) | J4: =C4*I4 | K4: b7680e13-2786-47fe-9430-02c1939e28ed
A5: Simple agent 2 | B5: simple | C5: 1 | D5: daily_users | E5: 1 | F5: 33.333333 | G5: 30 | H5: 0 | I5: =IF(D5="daily_users",E5*F5*G5,H5) | J5: =C5*I5 | K5: 4ef11371-211f-4c58-899a-9602432ec569

Sheet Agent links
A1: Scenario | B1: Parent agent/group | C1: Child agent/group | D1: Branch group | E1: Trigger probability | F1: Child invocations per trigger | G1: Parent invocations/month (precomputed) | H1: Child invocations/month | I1: Status | J1: Link ID | K1: Parent row ID | L1: Child row ID | M1: Step execution probability

Sheet Tool costs
A1: Scenario | B1: Agent | C1: Tool | D1: Monthly invocations | E1: Step probability | F1: Tool probability | G1: Units/invocation | H1: USD/unit | I1: Monthly USD | J1: Step ID

Sheet Harness
A1: Scenario | B1: Harness type | C1: Name | D1: Fixed USD/month | E1: Invocations/month | F1: USD/invocation | G1: Step executions/month | H1: USD/step | I1: Monthly USD | J1: Allocation | K1: Include in use-case cost
A2: Low | B2: none | C2: Agent harness | D2: 0 | E2: 2000 | F2: 0 | G2: 0 | H2: 0 | I2: =IF(B2="none",0,D2+E2*F2+G2*H2) | J2: by_invocations | K2: TRUE
A3: Expected | B3: none | C3: Agent harness | D3: 0 | E3: 2000 | F3: 0 | G3: 0 | H3: 0 | I3: =IF(B3="none",0,D3+E3*F3+G3*H3) | J3: by_invocations | K3: TRUE
A4: High | B4: none | C4: Agent harness | D4: 0 | E4: 2000 | F4: 0 | G4: 0 | H4: 0 | I4: =IF(B4="none",0,D4+E4*F4+G4*H4) | J4: by_invocations | K4: TRUE

Sheet Use cases
A1: Scenario | B1: Agent | C1: Use case | D1: Monthly completions | E1: Direct USD/completion | F1: Harness USD/completion | G1: Loaded USD/completion | H1: Status | I1: Calculation path
A2: Low | B2: Simple agents | C2: Simple agents | D2: 1000 | E2: 0.00612 | F2: 0 | G2: 0.00612 | H2: Complete | I2: Precomputed DAG rollup; inputs and direct calculations in other sheets
A3: Low | B3: Medium agents | C3: Medium agents | D3: 0 | E3: 0 | F3: 0 | G3: 0 | H3: INCOMPLETE — known costs only | I3: Precomputed DAG rollup; inputs and direct calculations in other sheets
A4: Low | B4: High agents | C4: High agents | D4: 0 | E4: 0 | F4: 0 | G4: 0 | H4: INCOMPLETE — known costs only | I4: Precomputed DAG rollup; inputs and direct calculations in other sheets
A5: Low | B5: Simple agent 2 | C5: Simple agent 2 | D5: 1000 | E5: 0.00612 | F5: 0 | G5: 0.00612 | H5: Complete | I5: Precomputed DAG rollup; inputs and direct calculations in other sheets
A6: Expected | B6: Simple agents | C6: Simple agents | D6: 1000 | E6: 0.00816 | F6: 0 | G6: 0.00816 | H6: Complete | I6: Precomputed DAG rollup; inputs and direct calculations in other sheets
A7: Expected | B7: Medium agents | C7: Medium agents | D7: 0 | E7: 0 | F7: 0 | G7: 0 | H7: INCOMPLETE — known costs only | I7: Precomputed DAG rollup; inputs and direct calculations in other sheets
A8: Expected | B8: High agents | C8: High agents | D8: 0 | E8: 0 | F8: 0 | G8: 0 | H8: INCOMPLETE — known costs only | I8: Precomputed DAG rollup; inputs and direct calculations in other sheets
A9: Expected | B9: Simple agent 2 | C9: Simple agent 2 | D9: 1000 | E9: 0.00816 | F9: 0 | G9: 0.00816 | H9: Complete | I9: Precomputed DAG rollup; inputs and direct calculations in other sheets
A10: High | B10: Simple agents | C10: Simple agents | D10: 1000 | E10: 0.01224 | F10: 0 | G10: 0.01224 | H10: Complete | I10: Precomputed DAG rollup; inputs and direct calculations in other sheets
A11: High | B11: Medium agents | C11: Medium agents | D11: 0 | E11: 0 | F11: 0 | G11: 0 | H11: INCOMPLETE — known costs only | I11: Precomputed DAG rollup; inputs and direct calculations in other sheets
A12: High | B12: High agents | C12: High agents | D12: 0 | E12: 0 | F12: 0 | G12: 0 | H12: INCOMPLETE — known costs only | I12: Precomputed DAG rollup; inputs and direct calculations in other sheets
A13: High | B13: Simple agent 2 | C13: Simple agent 2 | D13: 1000 | E13: 0.01224 | F13: 0 | G13: 0.01224 | H13: Complete | I13: Precomputed DAG rollup; inputs and direct calculations in other sheets

Sheet Category totals
A1: Complexity | B1: Total monthly invocations all agents
A2: simple | B2: =SUMIF(Volume!B2:B5,A2,Volume!J2:J5)
A3: medium | B3: =SUMIF(Volume!B2:B5,A3,Volume!J2:J5)
A4: high | B4: =SUMIF(Volume!B2:B5,A4,Volume!J2:J5)

Sheet Category usage
A1: Complexity | B1: Input tokens/month | C1: Output tokens/month | D1: Total tokens/month | E1: Average tokens/day | F1: Planning days/month
A2: simple | B2: =SUMIFS(Calculations!R2:R13,Calculations!A2:A13,"Expected",Calculations!AF2:AF13,A2) | C2: =SUMIFS(Calculations!S2:S13,Calculations!A2:A13,"Expected",Calculations!AF2:AF13,A2) | D2: =B2+C2 | E2: =D2/F2 | F2: 30
A3: medium | B3: =SUMIFS(Calculations!R2:R13,Calculations!A2:A13,"Expected",Calculations!AF2:AF13,A3) | C3: =SUMIFS(Calculations!S2:S13,Calculations!A2:A13,"Expected",Calculations!AF2:AF13,A3) | D3: =B3+C3 | E3: =D3/F3 | F3: 30
A4: high | B4: =SUMIFS(Calculations!R2:R13,Calculations!A2:A13,"Expected",Calculations!AF2:AF13,A4) | C4: =SUMIFS(Calculations!S2:S13,Calculations!A2:A13,"Expected",Calculations!AF2:AF13,A4) | D4: =B4+C4 | E4: =D4/F4 | F4: 30

Sheet Category costs
A1: Complexity | B1: Token type | C1: Tokens/month | D1: Known cost USD/month | E1: Blended USD/1M tokens | F1: Status | G1: Average tokens/day | H1: Known cost USD/day | I1: Planning days/month
A2: simple | B2: Uncached input | C2: =SUMIFS(Calculations!AG2:AG13,Calculations!A2:A13,"Expected",Calculations!AF2:AF13,A2) | D2: =SUMIFS(Calculations!T2:T13,Calculations!A2:A13,"Expected",Calculations!AF2:AF13,A2) | E2: =IF(C2=0,"",D2*1000000/C2) | F2: Complete | G2: =C2/I2 | H2: =D2/I2 | I2: 30
A3: simple | B3: Cached input read | C3: =SUMIFS(Calculations!AH2:AH13,Calculations!A2:A13,"Expected",Calculations!AF2:AF13,A3) | D3: =SUMIFS(Calculations!V2:V13,Calculations!A2:A13,"Expected",Calculations!AF2:AF13,A3) | E3: =IF(C3=0,"",D3*1000000/C3) | F3: Complete | G3: =C3/I3 | H3: =D3/I3 | I3: 30
A4: simple | B4: Input cache write | C4: =SUMIFS(Calculations!AI2:AI13,Calculations!A2:A13,"Expected",Calculations!AF2:AF13,A4) | D4: =SUMIFS(Calculations!W2:W13,Calculations!A2:A13,"Expected",Calculations!AF2:AF13,A4) | E4: =IF(C4=0,"",D4*1000000/C4) | F4: Complete | G4: =C4/I4 | H4: =D4/I4 | I4: 30
A5: simple | B5: Output incl. reasoning | C5: =SUMIFS(Calculations!S2:S13,Calculations!A2:A13,"Expected",Calculations!AF2:AF13,A5) | D5: =SUMIFS(Calculations!U2:U13,Calculations!A2:A13,"Expected",Calculations!AF2:AF13,A5) | E5: =IF(C5=0,"",D5*1000000/C5) | F5: Complete | G5: =C5/I5 | H5: =D5/I5 | I5: 30
A6: simple | B6: Total | C6: =SUM(C2:C5) | D6: =SUM(D2:D5) | F6: Complete | G6: =C6/I6 | H6: =D6/I6 | I6: 30
A7: medium | B7: Uncached input | C7: =SUMIFS(Calculations!AG2:AG13,Calculations!A2:A13,"Expected",Calculations!AF2:AF13,A7) | D7: =SUMIFS(Calculations!T2:T13,Calculations!A2:A13,"Expected",Calculations!AF2:AF13,A7) | E7: =IF(C7=0,"",D7*1000000/C7) | F7: Complete | G7: =C7/I7 | H7: =D7/I7 | I7: 30
A8: medium | B8: Cached input read | C8: =SUMIFS(Calculations!AH2:AH13,Calculations!A2:A13,"Expected",Calculations!AF2:AF13,A8) | D8: =SUMIFS(Calculations!V2:V13,Calculations!A2:A13,"Expected",Calculations!AF2:AF13,A8) | E8: =IF(C8=0,"",D8*1000000/C8) | F8: Complete | G8: =C8/I8 | H8: =D8/I8 | I8: 30
A9: medium | B9: Input cache write | C9: =SUMIFS(Calculations!AI2:AI13,Calculations!A2:A13,"Expected",Calculations!AF2:AF13,A9) | D9: =SUMIFS(Calculations!W2:W13,Calculations!A2:A13,"Expected",Calculations!AF2:AF13,A9) | E9: =IF(C9=0,"",D9*1000000/C9) | F9: Complete | G9: =C9/I9 | H9: =D9/I9 | I9: 30
A10: medium | B10: Output incl. reasoning | C10: =SUMIFS(Calculations!S2:S13,Calculations!A2:A13,"Expected",Calculations!AF2:AF13,A10) | D10: =SUMIFS(Calculations!U2:U13,Calculations!A2:A13,"Expected",Calculations!AF2:AF13,A10) | E10: =IF(C10=0,"",D10*1000000/C10) | F10: Complete | G10: =C10/I10 | H10: =D10/I10 | I10: 30
A11: medium | B11: Total | C11: =SUM(C7:C10) | D11: =SUM(D7:D10) | F11: Complete | G11: =C11/I11 | H11: =D11/I11 | I11: 30
A12: high | B12: Uncached input | C12: =SUMIFS(Calculations!AG2:AG13,Calculations!A2:A13,"Expected",Calculations!AF2:AF13,A12) | D12: =SUMIFS(Calculations!T2:T13,Calculations!A2:A13,"Expected",Calculations!AF2:AF13,A12) | E12: =IF(C12=0,"",D12*1000000/C12) | F12: Complete | G12: =C12/I12 | H12: =D12/I12 | I12: 30
A13: high | B13: Cached input read | C13: =SUMIFS(Calculations!AH2:AH13,Calculations!A2:A13,"Expected",Calculations!AF2:AF13,A13) | D13: =SUMIFS(Calculations!V2:V13,Calculations!A2:A13,"Expected",Calculations!AF2:AF13,A13) | E13: =IF(C13=0,"",D13*1000000/C13) | F13: Complete | G13: =C13/I13 | H13: =D13/I13 | I13: 30
A14: high | B14: Input cache write | C14: =SUMIFS(Calculations!AI2:AI13,Calculations!A2:A13,"Expected",Calculations!AF2:AF13,A14) | D14: =SUMIFS(Calculations!W2:W13,Calculations!A2:A13,"Expected",Calculations!AF2:AF13,A14) | E14: =IF(C14=0,"",D14*1000000/C14) | F14: Complete | G14: =C14/I14 | H14: =D14/I14 | I14: 30
A15: high | B15: Output incl. reasoning | C15: =SUMIFS(Calculations!S2:S13,Calculations!A2:A13,"Expected",Calculations!AF2:AF13,A15) | D15: =SUMIFS(Calculations!U2:U13,Calculations!A2:A13,"Expected",Calculations!AF2:AF13,A15) | E15: =IF(C15=0,"",D15*1000000/C15) | F15: Complete | G15: =C15/I15 | H15: =D15/I15 | I15: 30
A16: high | B16: Total | C16: =SUM(C12:C15) | D16: =SUM(D12:D15) | F16: Complete | G16: =C16/I16 | H16: =D16/I16 | I16: 30

Sheet Monthly scenario summary
A1: Scenario | B1: Input tokens/month | C1: Input cost USD/month | D1: Output tokens/month | E1: Output cost USD/month | F1: Total tokens/month | G1: Total token cost USD/month | H1: Harness cost USD/month | I1: Other costs USD/month | J1: Total cost USD/month | K1: Status
A2: Low | B2: =SUMIFS(Calculations!R2:R13,Calculations!A2:A13,A2) | C2: =SUMIFS(Calculations!T2:T13,Calculations!A2:A13,A2)+SUMIFS(Calculations!V2:V13,Calculations!A2:A13,A2)+SUMIFS(Calculations!W2:W13,Calculations!A2:A13,A2) | D2: =SUMIFS(Calculations!S2:S13,Calculations!A2:A13,A2) | E2: =SUMIFS(Calculations!U2:U13,Calculations!A2:A13,A2) | F2: =B2+D2 | G2: =C2+E2 | H2: =SUMIF(Summary!A2:A4,A2,Summary!J2:J4) | I2: =SUMIF(Summary!A2:A4,A2,Summary!C2:C4)+SUMIF(Summary!A2:A4,A2,Summary!I2:I4) | J2: =SUMIF(Summary!A2:A4,A2,Summary!D2:D4) | K2: Complete
A3: Expected | B3: =SUMIFS(Calculations!R2:R13,Calculations!A2:A13,A3) | C3: =SUMIFS(Calculations!T2:T13,Calculations!A2:A13,A3)+SUMIFS(Calculations!V2:V13,Calculations!A2:A13,A3)+SUMIFS(Calculations!W2:W13,Calculations!A2:A13,A3) | D3: =SUMIFS(Calculations!S2:S13,Calculations!A2:A13,A3) | E3: =SUMIFS(Calculations!U2:U13,Calculations!A2:A13,A3) | F3: =B3+D3 | G3: =C3+E3 | H3: =SUMIF(Summary!A2:A4,A3,Summary!J2:J4) | I3: =SUMIF(Summary!A2:A4,A3,Summary!C2:C4)+SUMIF(Summary!A2:A4,A3,Summary!I2:I4) | J3: =SUMIF(Summary!A2:A4,A3,Summary!D2:D4) | K3: Complete
A4: High | B4: =SUMIFS(Calculations!R2:R13,Calculations!A2:A13,A4) | C4: =SUMIFS(Calculations!T2:T13,Calculations!A2:A13,A4)+SUMIFS(Calculations!V2:V13,Calculations!A2:A13,A4)+SUMIFS(Calculations!W2:W13,Calculations!A2:A13,A4) | D4: =SUMIFS(Calculations!S2:S13,Calculations!A2:A13,A4) | E4: =SUMIFS(Calculations!U2:U13,Calculations!A2:A13,A4) | F4: =B4+D4 | G4: =C4+E4 | H4: =SUMIF(Summary!A2:A4,A4,Summary!J2:J4) | I4: =SUMIF(Summary!A2:A4,A4,Summary!C2:C4)+SUMIF(Summary!A2:A4,A4,Summary!I2:I4) | J4: =SUMIF(Summary!A2:A4,A4,Summary!D2:D4) | K4: Complete

Sheet Monthly category summary
A1: Complexity | B1: Input tokens/month | C1: Known input USD/month | D1: Output tokens/month | E1: Known output USD/month | F1: Total tokens/month | G1: Known LLM USD/month | H1: Status
A2: simple | B2: ='Category usage'!B2 | C2: =SUM('Category costs'!D2:D4) | D2: ='Category usage'!C2 | E2: ='Category costs'!D5 | F2: =B2+D2 | G2: =C2+E2 | H2: Complete
A3: medium | B3: ='Category usage'!B3 | C3: =SUM('Category costs'!D7:D9) | D3: ='Category usage'!C3 | E3: ='Category costs'!D10 | F3: =B3+D3 | G3: =C3+E3 | H3: Complete
A4: high | B4: ='Category usage'!B4 | C4: =SUM('Category costs'!D12:D14) | D4: ='Category usage'!C4 | E4: ='Category costs'!D15 | F4: =B4+D4 | G4: =C4+E4 | H4: Complete
A5: Suite total | B5: =SUM(B2:B4) | C5: =SUM(C2:C4) | D5: =SUM(D2:D4) | E5: =SUM(E2:E4) | F5: =B5+D5 | G5: =C5+E5 | H5: Complete

Sheet Profiles
A1: complexity | B1: calls | C1: input_tokens | D1: output_tokens | E1: retry_rate | F1: cache_fraction | G1: cache_write_fraction
A2: simple | B2: 1 | C2: 2000 | D2: 500 | E2: 0.02 | F2: 0 | G2: 0
A3: medium | B3: 4 | C3: 6000 | D3: 1000 | E3: 0.05 | F3: 0 | G3: 0
A4: high | B4: 10 | C4: 15000 | D4: 2000 | E4: 0.10 | F4: 0 | G4: 0

Sheet Scenarios
A1: name | B1: volume_factor | C1: calls_factor | D1: input_factor | E1: output_factor | F1: retry_factor | G1: model_id
A2: Low | B2: 1 | C2: 1 | D2: 0.75 | E2: 0.75 | F2: 1
A3: Expected | B3: 1 | C3: 1 | D3: 1 | E3: 1 | F3: 1
A4: High | B4: 1 | C4: 1 | D4: 1.5 | E4: 1.5 | F4: 1

Sheet Additional costs
A1: No items

Sheet Pricing
A1: Model ID | B1: Provider | C1: Input original currency/M | D1: Output original currency/M | E1: Cache read original currency/M | F1: Cache write original currency/M | G1: Source | H1: Retrieved at | I1: Custom | J1: Tier details | K1: Unsupported | L1: Source type | M1: Channel | N1: Region | O1: Original currency | P1: USD per currency unit | Q1: FX source | R1: FX retrieval date
A2: Fixture A | B2: Custom | C2: 2 | D2: 8 | G2: Architect-supplied custom rates | H2: 2026-10-05T00:16:57.800Z | I2: TRUE | L2: custom | O2: USD | P2: 1

Sheet Read me
A1: Item | B1: Detail
A2: Estimate | B2: Mortgage fixture
A3: Notes
A4: Currency | B4: USD
A5: Calculation editing | B5: Edit numeric inputs in Calculations to recalculate costs. For direct-volume rows, column F derives scenario monthly volume from columns Z–AE using a 30-day planning month. For derived rows, column F is the graph result precomputed by the app; edit links or upstream volume in the app and re-export. Profiles, Scenarios, Agents and Pricing document the snapshot; editing those sheets does not propagate to Calculations.
A6: Volume and category totals | B6: Volume derives direct baseline invocations and records app-precomputed derived invocations. Category totals sums the Volume sheet by complexity. These totals exclude scenario volume multipliers; Calculations contains scenario-effective volumes.
A7: Agent links | B7: Agent links shows effective Low/Expected/High probability, fanout, and child contributions. Parent totals are precomputed in topological order by the app; changing edges or parent totals in this workbook does not update derived rows in Calculations or Volume. Re-export from the app for a revised graph. Derived rows in Agents cannot be reimported without rebuilding links in the app.
A8: Category token usage | B8: Category usage sums Expected-scenario input and output tokens from Calculations, including normal calls and extra attempts. Cached input is part of input usage, not an extra category; billable reasoning is included in output. Average daily tokens divide monthly totals by 30 planning days.
A9: Category token costs | B9: Category costs splits Expected-scenario tokens into uncached input, cached reads, cache writes and output. Known monthly costs sum the corresponding Calculations formulas; average daily tokens and costs divide monthly values by 30 planning days. Blended USD/1M is derived from each token-type subtotal when pricing is complete; inspect Calculations for each model's selected rate. Incomplete rows omit unpriced agent lines from costs while retaining their token counts. Re-export after resolving pricing or limits.
A10: Monthly category summary | B10: Monthly category summary combines Category usage input/output token counts with Category costs. Input cost includes uncached input, cached reads, and cache writes; output includes billable reasoning. The suite row sums category values and reconciles to the Expected LLM amount in Summary. Incomplete values include only fully priced agent lines.
A11: Tier rates | B11: Rates in Calculations are selected using the exported per-call input size. After crossing a tier threshold, update the applicable rates from Pricing or re-export from the app.
A12: Partial totals | B12: Incomplete rows have blank costs; summaries are known subtotals, not full budgets.
A13: Annualization | B13: First year = 12 identical recurring months + one-time items. Additional monthly/one-time values in Summary are editable frozen inputs.
A14: Scope | B14: Text tokens, including total billable reasoning in output. Cache writes use supplied rates. Per-agent tool rows and the simple suite harness are separate. Cache storage, multimodal charges, and advanced platform billing require additional items/custom rates.
A15: Scenarios | B15: Planning assumptions, not statistical confidence intervals. Execution fields in Calculations are scenario-effective values.
... A19: Version | B19: Schema 8; defaults 1
